n,t,x,y,z,rx,ry,rz,fx,fy,fz,tx,ty,tz,skin,pinching
0,0.0,-0.305738,-0.50953,0.213383,1.77528,0.346892,-1.8675,0,0,0,0,0,0,12970,12932,12995,13003,12962,13052,13055,12976,13011,13002,12962,13001,13014,12932,13029,12980,0
1,0.05918121337890625,-0.305755,-0.509522,0.21342,1.77524,0.346747,-1.8675,0,0,0,0,0,0,12978,12934,12996,13003,12961,13053,13052,13000,13010,13003,12957,13002,13011,12933,13030,12980,0
2,0.10605525970458984,-0.305765,-0.509521,0.213404,1.77529,0.346728,-1.867,0,0,0,0,0,0,12973,12934,12998,13004,12957,13034,13050,13000,13008,13007,12957,13000,13013,12934,13027,12979,0
3,0.15272045135498047,-0.305749,-0.509537,0.213384,1.77529,0.346848,-1.8676,0,0,0,0,0,0,12972,12926,12995,13002,12958,13038,13050,13002,13011,13003,12957,13015,13012,12931,13028,12979,0
4,0.20042824745178223,-0.305757,-0.509529,0.213398,1.77529,0.346784,-1.8675,0,0,0,0,0,0,12973,12933,12999,13003,12958,13059,13053,13004,13005,13010,12956,13002,13013,12933,13029,12979,0
5,0.24753737449645996,-0.305757,-0.509532,0.213426,1.77523,0.346792,-1.867,0,0,0,0,0,0,12971,12929,13004,13002,12959,13053,13050,13000,13005,13002,12957,13008,13011,12934,13029,12979,0
6,0.2945678234100342,-0.305731,-0.509534,0.213404,1.77523,0.346844,-1.8675,0,0,0,0,0,0,12971,12938,13004,13003,12955,13055,13052,12994,13011,13002,12963,13010,13013,12933,13029,12979,0
7,0.3416759967803955,-0.30576,-0.50952,0.213405,1.77528,0.346749,-1.8675,0,0,0,0,0,0,12972,12925,13004,13003,12955,13055,13042,12995,13011,13000,12956,13000,13014,12933,13028,12977,0
8,0.38806939125061035,-0.305761,-0.509503,0.213396,1.77528,0.346818,-1.8675,0,0,0,0,0,0,12970,12929,12996,13003,12949,13052,13047,12993,13011,13006,12957,12999,13012,12932,13029,12982,0
9,0.4359409809112549,-0.305752,-0.509514,0.213376,1.77532,0.346806,-1.8675,0,0,0,0,0,0,12980,12932,12995,13003,12959,13055,13052,12991,13011,13008,12957,13010,13011,12932,13030,12979,0
10,0.48181819915771484,-0.305763,-0.509522,0.213434,1.77522,0.346668,-1.8675,0,0,0,0,0,0,12973,12930,12996,13003,12958,13036,13043,13003,13003,13003,12958,13000,13014,12932,13029,12979,0
11,0.5296905040740967,-0.305748,-0.509507,0.213384,1.77528,0.346815,-1.8675,0,0,0,0,0,0,12975,12932,13005,13002,12956,13058,13046,13002,13011,13003,12956,13009,13014,12932,13028,12979,0
12,0.5765655040740967,-0.305744,-0.509514,0.213381,1.77526,0.34687,-1.8675,0,0,0,0,0,0,12973,12928,13005,13006,12957,13060,13051,12991,13005,13002,12955,13006,13012,12933,13028,12979,0
13,0.6234395503997803,-0.305743,-0.509535,0.213403,1.77526,0.346802,-1.8675,0,0,0,0,0,0,12972,12929,13003,13002,12963,13055,13049,12986,13005,13006,12957,13001,13013,12931,13029,12977,0
14,0.6693165302276611,-0.305743,-0.509534,0.213415,1.77525,0.346813,-1.8675,0,0,0,0,0,0,12970,12930,13003,13002,12958,13049,13044,12998,13010,13002,12957,13001,13013,12933,13029,12981,0
15,0.7171950340270996,-0.30576,-0.509523,0.213404,1.77525,0.346816,-1.867,0,0,0,0,0,0,12979,12934,12996,13003,12956,13054,13053,12999,13012,13002,12949,13000,13012,12932,13028,12979,0
16,0.765061616897583,-0.305757,-0.509511,0.213371,1.77532,0.346852,-1.8676,0,0,0,0,0,0,12974,12931,12999,13005,12956,13057,13042,12983,13002,13007,12963,13010,13013,12935,13028,12978,0
17,0.8129351139068604,-0.305762,-0.509541,0.213423,1.77525,0.346771,-1.8676,0,0,0,0,0,0,12973,12929,12996,13004,12957,13059,13049,12995,13010,13004,12956,13001,13013,12932,13030,12978,0
18,0.8578135967254639,-0.30576,-0.509503,0.213372,1.77532,0.346819,-1.8675,0,0,0,0,0,0,12981,12919,12998,13003,12958,13056,13048,13001,13011,13003,12956,13010,13013,12932,13028,12979,0
19,0.9046876430511475,-0.305756,-0.509502,0.213395,1.77528,0.346772,-1.8675,0,0,0,0,0,0,12967,12929,13001,13002,12958,13057,13048,12986,13011,13003,12956,13002,13013,12932,13028,12979,0
20,0.9515640735626221,-0.305742,-0.509524,0.213387,1.77529,0.346859,-1.8675,0,0,0,0,0,0,12972,12934,12999,13003,12962,13054,13038,12988,13011,13005,12956,13001,13016,12933,13030,12980,0
21,1.0004334449768066,-0.305755,-0.50953,0.213413,1.77526,0.346793,-1.867,0,0,0,0,0,0,12972,12931,12996,13002,12957,13051,13052,12979,13003,13002,12956,13001,13012,12933,13029,12981,0
22,1.0483152866363525,-0.305747,-0.509544,0.213463,1.77519,0.346675,-1.8675,0,0,0,0,0,0,12971,12930,13002,13004,12952,13055,13054,12982,13006,13002,12956,13001,13013,12932,13028,12979,0
23,1.0921854972839355,-0.30577,-0.509504,0.213371,1.77533,0.346855,-1.8676,0,0,0,0,0,0,12973,12930,12996,13003,12958,13054,13042,12991,13002,13004,12956,13008,13011,12932,13030,12979,0
24,1.139061450958252,-0.305763,-0.509518,0.21344,1.77524,0.346703,-1.8676,0,0,0,0,0,0,12972,12929,12998,13002,12951,13053,13052,13000,13009,12998,12956,13000,13012,12932,13030,12980,0
25,1.188927412033081,-0.305734,-0.509529,0.21338,1.77527,0.346869,-1.8675,0,0,0,0,0,0,12974,12930,12996,13003,12960,13046,13051,13000,13001,13004,12956,12999,13013,12940,13029,12979,0
26,1.2338075637817383,-0.305776,-0.509498,0.213393,1.77531,0.346822,-1.8676,0,0,0,0,0,0,12972,12933,13002,13003,12962,13056,13054,12985,13010,13003,12955,13013,13010,12933,13029,12980,0
27,1.2816798686981201,-0.305751,-0.509519,0.213412,1.77524,0.346825,-1.8675,0,0,0,0,0,0,12974,12940,13003,13002,12959,13056,13042,12992,13004,13009,12955,13001,13012,12934,13031,12977,0
28,1.3285531997680664,-0.305721,-0.509562,0.213417,1.77519,0.346829,-1.8675,0,0,0,0,0,0,12971,12936,13004,13002,12953,13055,13037,12993,13011,13003,12959,13001,13010,12929,13029,12978,0
29,1.3754308223724365,-0.305745,-0.509514,0.213383,1.77529,0.346837,-1.8675,0,0,0,0,0,0,12972,12933,13004,13002,12958,13049,13045,12996,13011,13002,12956,13009,13014,12932,13028,12981,0
30,1.4213054180145264,-0.305774,-0.5095,0.213363,1.77532,0.346844,-1.8676,0,0,0,0,0,0,12973,12933,13004,13002,12953,13052,13053,12977,13010,13002,12956,13002,13012,12932,13029,12979,0
31,1.469177484512329,-0.305748,-0.509509,0.213395,1.77528,0.346826,-1.8675,0,0,0,0,0,0,12975,12937,12996,13005,12952,13044,13049,13000,13002,13003,12957,13009,13013,12932,13028,12979,0
32,1.5160527229309082,-0.305766,-0.509528,0.213427,1.77525,0.346704,-1.867,0,0,0,0,0,0,12972,12929,12996,13002,12959,13054,13052,13003,13010,13004,12957,13011,13012,12933,13031,12980,0
33,1.5639235973358154,-0.305741,-0.509516,0.2134,1.77527,0.346825,-1.8675,0,0,0,0,0,0,12970,12935,12997,13003,12960,13058,13049,13000,13016,13004,12956,13012,13012,12932,13029,12981,0
34,1.609802007675171,-0.305753,-0.509533,0.213407,1.77526,0.346815,-1.867,0,0,0,0,0,0,12971,12930,12995,13003,12960,13056,13050,12977,13010,13001,12957,13000,13012,12932,13028,12976,0
35,1.6566765308380127,-0.305771,-0.509495,0.213362,1.77534,0.346811,-1.867,0,0,0,0,0,0,12968,12934,13006,13001,12959,13051,13053,13002,13005,13001,12956,13010,13013,12931,13028,12978,0
36,1.7045485973358154,-0.305766,-0.509529,0.213393,1.7753,0.34674,-1.8675,0,0,0,0,0,0,12972,12931,13004,13002,12957,13054,13054,12982,13005,13002,12963,13001,13013,12932,13028,12979,0
37,1.7502281665802002,-0.305757,-0.509512,0.213374,1.77531,0.346841,-1.8676,0,0,0,0,0,0,12978,12929,13005,13003,12951,13048,13032,12997,13011,13001,12956,13007,13014,12933,13028,12979,0
38,1.797316312789917,-0.305745,-0.50953,0.213429,1.77521,0.346789,-1.8675,0,0,0,0,0,0,12972,12930,12997,13003,12956,13055,13050,12990,12997,13005,12956,13010,13012,12933,13029,12978,0
39,1.8449087142944336,-0.305748,-0.509533,0.213379,1.77529,0.346816,-1.8675,0,0,0,0,0,0,12975,12932,12997,13002,12958,13055,13055,13007,12995,12996,12959,13007,13012,12932,13029,12979,0
40,1.8912930488586426,-0.305752,-0.509553,0.213473,1.77519,0.346664,-1.8675,0,0,0,0,0,0,12956,12932,12997,13003,12959,13056,13050,13000,13004,13004,12959,13007,13012,12931,13028,12980,0
41,1.939141035079956,-0.305754,-0.509516,0.213395,1.77529,0.346828,-1.867,0,0,0,0,0,0,12973,12934,12998,13002,12958,13056,13053,13003,12997,13005,12959,13013,13012,12932,13029,12980,0
42,1.9852268695831299,-0.305759,-0.509508,0.213354,1.77535,0.346842,-1.8675,0,0,0,0,0,0,12972,12934,13003,13003,12957,13059,13042,12993,12997,13004,12958,13011,13011,12933,13029,12979,0
43,2.0320942401885986,-0.305737,-0.50951,0.213364,1.77534,0.346917,-1.867,0,0,0,0,0,0,12974,12930,13004,13005,12958,13048,13052,12999,13008,13005,12954,13012,13011,12932,13029,12978,0
44,2.0801618099212646,-0.30577,-0.509508,0.213368,1.77533,0.346867,-1.8676,0,0,0,0,0,0,12972,12930,13004,13003,12957,13054,13050,12992,13001,13006,12959,13008,13014,12932,13030,12977,0
45,2.1270065307617188,-0.305758,-0.509515,0.213369,1.77532,0.346875,-1.867,0,0,0,0,0,0,12973,12932,13004,13002,12954,13056,13031,12993,13011,13002,12955,13010,13013,12933,13034,12980,0
46,2.1730520725250244,-0.30576,-0.509526,0.213435,1.77524,0.346691,-1.8675,0,0,0,0,0,0,12972,12930,12996,13002,12943,13055,13053,12991,13012,13005,12956,13001,13012,12932,13029,12981,0
47,2.219900369644165,-0.30577,-0.509515,0.213413,1.77528,0.346762,-1.8676,0,0,0,0,0,0,12973,12934,12996,13001,12959,13057,13052,12990,13012,13002,12956,13002,13010,12933,13029,12980,0
48,2.2669050693511963,-0.305773,-0.509502,0.213418,1.77527,0.346751,-1.8676,0,0,0,0,0,0,12971,12934,12996,13003,12957,13035,13048,12991,13002,13004,12956,13000,13013,12934,13029,12979,0
49,2.313896894454956,-0.305783,-0.50951,0.213402,1.77533,0.346733,-1.8676,0,0,0,0,0,0,12974,12921,13003,13002,12956,13055,13048,12998,13012,13002,12955,13013,13012,12932,13028,12977,0
50,2.3614916801452637,-0.305726,-0.509547,0.21342,1.77521,0.346853,-1.8675,0,0,0,0,0,0,12972,12923,13004,13004,12959,13058,13055,12999,13004,13002,12957,13011,13013,12934,13029,12979,0
51,2.4166927337646484,-0.305729,-0.509518,0.213375,1.77528,0.346868,-1.8675,0,0,0,0,0,0,12973,12931,13004,13002,12958,13055,13045,12985,13011,13005,12954,13008,13013,12932,13026,12979,0
52,2.4620697498321533,-0.305768,-0.50953,0.21345,1.77521,0.346589,-1.8675,0,0,0,0,0,0,12971,12929,13004,13002,12959,13051,13051,12979,13011,13002,12957,13011,13017,12932,13028,12978,0
53,2.508735418319702,-0.305747,-0.509527,0.213408,1.77524,0.346803,-1.8675,0,0,0,0,0,0,12971,12930,13004,13003,12956,13051,13052,12999,13010,13002,12958,13001,13011,12932,13029,12979,0
54,2.556882619857788,-0.305739,-0.509547,0.213426,1.7752,0.346798,-1.8675,0,0,0,0,0,0,12972,12930,12997,13006,12949,13052,13054,12988,13002,13004,12963,13010,13013,12931,13028,12979,0
55,2.600557804107666,-0.305739,-0.509537,0.213405,1.77524,0.346857,-1.8675,0,0,0,0,0,0,12973,12929,12997,13003,12958,13054,13050,12987,13011,13003,12956,13010,13013,12933,13030,12980,0
56,2.6515235900878906,-0.305774,-0.509505,0.213399,1.77532,0.346754,-1.8676,0,0,0,0,0,0,12972,12929,13000,13003,12960,13057,13045,12981,13004,13004,12953,13012,13011,12932,13029,12979,0
57,2.696991205215454,-0.305765,-0.509502,0.213358,1.77535,0.346855,-1.8676,0,0,0,0,0,0,12971,12930,12994,13002,12957,13046,13051,12981,13011,13003,12953,13002,13011,12932,13029,12983,0
58,2.7432546615600586,-0.305767,-0.5095,0.21338,1.77531,0.346763,-1.8676,0,0,0,0,0,0,12972,12930,13006,13001,12960,13055,13051,12979,13005,13002,12957,13010,13012,12934,13029,12979,0
59,2.7911572456359863,-0.305744,-0.509536,0.213427,1.77523,0.346823,-1.8675,0,0,0,0,0,0,12972,12928,13002,13003,12959,13056,13045,12980,13004,13002,12957,13011,13014,12931,13029,12979,0
60,2.8354556560516357,-0.305747,-0.509511,0.213391,1.77529,0.346815,-1.8675,0,0,0,0,0,0,12970,12921,13005,13002,12958,13044,13031,12978,13000,13008,12956,13008,13013,12932,13029,12980,0
61,2.889996290206909,-0.305752,-0.5095,0.213349,1.77536,0.346864,-1.8675,0,0,0,0,0,0,12974,12926,13004,13003,12955,13052,13054,13000,13011,13003,12949,13009,13013,12933,13029,12978,0
62,2.931267023086548,-0.305754,-0.509514,0.213374,1.77528,0.346862,-1.8675,0,0,0,0,0,0,12971,12930,12988,13004,12950,13056,13041,12993,13001,13006,12956,13001,13013,12932,13028,12980,0
63,2.9783272743225098,-0.305746,-0.509511,0.213397,1.77525,0.346814,-1.8675,0,0,0,0,0,0,12973,12930,13002,13001,12952,13059,13052,13000,13012,13004,12956,12999,13012,12930,13030,12978,0
64,3.032445192337036,-0.305745,-0.509513,0.213397,1.77527,0.346836,-1.867,0,0,0,0,0,0,12974,12928,12995,13003,12957,13056,13050,13000,13011,13004,12964,13010,13010,12931,13030,12979,0
65,3.071589708328247,-0.305756,-0.509518,0.213426,1.77524,0.346702,-1.8675,0,0,0,0,0,0,12973,12930,12996,13001,12956,13047,13042,12992,13011,13000,12956,13009,13011,12932,13028,12980,0
66,3.1201844215393066,-0.305774,-0.5095,0.213368,1.77532,0.346845,-1.8676,0,0,0,0,0,0,12972,12933,13006,13001,12958,13037,13053,12982,13005,13002,12963,13010,13012,12934,13029,12979,0
67,3.1771819591522217,-0.305781,-0.509523,0.213461,1.77523,0.346616,-1.8676,0,0,0,0,0,0,12972,12932,12996,13002,12960,13054,13054,12977,13005,13003,12958,13000,13012,12932,13028,12978,0
68,3.2160773277282715,-0.305756,-0.509518,0.2134,1.77526,0.346827,-1.867,0,0,0,0,0,0,12970,12930,13005,13000,12957,13047,13052,12994,13005,13004,12957,12999,13011,12932,13030,12980,0
69,3.2648415565490723,-0.30577,-0.509488,0.21334,1.77538,0.346846,-1.8676,0,0,0,0,0,0,12961,12933,12997,13004,12959,13058,13055,13001,13011,13003,12957,13007,13013,12931,13028,12981,0
70,3.3145432472229004,-0.305764,-0.509523,0.213445,1.77524,0.346737,-1.8676,0,0,0,0,0,0,12960,12931,12998,13002,12954,13051,13045,12996,13012,12994,12957,13010,13013,12932,13029,12979,0
71,3.3569657802581787,-0.305763,-0.509513,0.213409,1.77528,0.346784,-1.8676,0,0,0,0,0,0,12963,12930,12998,13002,12959,13057,13052,12996,13002,13004,12957,13010,13013,12931,13030,12979,0
72,3.405311346054077,-0.305747,-0.509516,0.213374,1.7753,0.346906,-1.8675,0,0,0,0,0,0,12973,12930,12999,13003,12956,13059,13047,12996,13010,13004,12957,13015,13013,12933,13029,12979,0
73,3.4499566555023193,-0.305782,-0.509494,0.213389,1.77531,0.346777,-1.8676,0,0,0,0,0,0,12971,12931,12995,13002,12956,13048,13046,12981,13010,13003,12955,12999,13002,12932,13029,12979,0
74,3.4967925548553467,-0.305754,-0.509532,0.213422,1.77524,0.346712,-1.8675,0,0,0,0,0,0,12973,12932,12999,13002,12958,13059,13042,12982,13006,13002,12962,13010,13013,12934,13028,12978,0
75,3.5437779426574707,-0.30575,-0.509541,0.213432,1.77525,0.346723,-1.867,0,0,0,0,0,0,12973,12928,13007,13003,12957,13054,13052,12982,13011,13002,12946,13011,13012,12933,13029,12978,0
76,3.5902795791625977,-0.305739,-0.509533,0.213421,1.77523,0.3468,-1.8675,0,0,0,0,0,0,12980,12928,13005,13002,12959,13050,13032,12978,13006,13002,12955,13008,13013,12933,13029,12981,0
77,3.634650230407715,-0.305751,-0.509512,0.213368,1.77531,0.346873,-1.8676,0,0,0,0,0,0,12971,12931,13005,13002,12953,13054,13045,12998,13012,13009,12954,12999,13012,12932,13028,12980,0
78,3.683270215988159,-0.305766,-0.509507,0.213407,1.7753,0.346808,-1.8676,0,0,0,0,0,0,12953,12930,12996,13001,12950,13051,13055,12990,13011,13001,12956,13000,13012,12932,13030,12980,0
79,3.7315399646759033,-0.305744,-0.509519,0.21336,1.77531,0.34685,-1.8675,0,0,0,0,0,0,12974,12929,12998,13003,12958,13052,13041,12988,13003,13004,12957,12999,13012,12932,13030,12979,0
80,3.7785987854003906,-0.305775,-0.509551,0.213436,1.77515,0.346885,-1.8675,0,0,0,0,0,0,12970,12931,12997,13003,12960,13057,13045,12996,13010,13003,12956,13013,13012,12933,13028,12979,0
81,3.8245341777801514,-0.306208,-0.509605,0.213528,1.77475,0.346797,-1.8674,0,0,0,0,0,0,12973,12932,12997,13002,12959,13047,13040,12981,13011,13004,12953,13001,13011,12931,13028,12978,0
82,3.87052583694458,-0.307494,-0.509586,0.213506,1.77437,0.346882,-1.8679,0,0,0,0,0,0,12973,12934,13007,13001,12959,13056,13051,12979,13005,13003,12957,13010,13013,12934,13029,12977,0
83,3.9185004234313965,-0.309603,-0.509527,0.213377,1.774,0.346816,-1.868,0,0,0,0,0,0,12973,12934,13004,13002,12957,13052,13046,12977,13011,13002,12962,13001,13014,12932,13029,12980,0
84,3.965463161468506,-0.312324,-0.509528,0.21324,1.77324,0.346875,-1.8691,0,0,0,0,0,0,12975,12933,13004,13002,12954,13056,13046,12977,13011,13002,12957,13002,13012,12932,13028,12980,0
85,4.012299537658691,-0.314837,-0.509512,0.213046,1.77267,0.347129,-1.8697,0,0,0,0,0,0,12972,12935,12996,13004,12956,13055,13042,12988,13002,13004,12956,13008,13014,12933,13029,12980,0
86,4.060752868652344,-0.318381,-0.509458,0.212915,1.77172,0.346909,-1.87,0,0,0,0,0,0,12972,12928,12995,13003,12957,13059,13048,12998,13011,13004,12963,12999,13011,12932,13028,12979,0
87,4.105540752410889,-0.322477,-0.509266,0.212614,1.77097,0.347017,-1.8715,0,0,0,0,0,0,12975,12929,12998,13003,12956,13058,13049,13001,13012,13006,12963,13001,13012,12931,13028,12978,0
88,4.165263652801514,-0.324468,-0.509176,0.212562,1.77035,0.346986,-1.8719,0,0,0,0,0,0,12972,12932,13004,13002,12959,13057,13044,12987,13003,13003,12954,13010,13011,12931,13025,12978,0
89,4.202696323394775,-0.328542,-0.508949,0.212382,1.76939,0.346923,-1.8727,0,0,0,0,0,0,12971,12931,13004,13003,12956,13054,13050,12979,13004,13001,12956,13000,13011,12933,13032,12978,0
90,4.2610626220703125,-0.330098,-0.508858,0.212238,1.76919,0.346903,-1.8731,0,0,0,0,0,0,12965,12934,13007,13001,12957,13054,13052,12990,13010,13004,12953,13000,13012,12931,13029,12978,0
91,4.294042110443115,-0.33263,-0.508679,0.21204,1.7686,0.346971,-1.8735,0,0,0,0,0,0,12974,12930,13006,13001,12956,13053,13052,13001,13010,13002,12957,13001,13013,12931,13029,12980,0
92,4.341114521026611,-0.336209,-0.508378,0.211791,1.76792,0.347262,-1.8742,0,0,0,0,0,0,12974,12929,13006,13001,12958,13055,13053,12993,13002,13003,12962,13000,13013,12931,13027,12980,0
93,4.3880603313446045,-0.339887,-0.507954,0.211602,1.76732,0.346909,-1.875,0,0,0,0,0,0,12960,12940,12996,13005,12953,13053,13043,12989,13002,13002,12952,13001,13012,12932,13028,12980,0
94,4.435027837753296,-0.342958,-0.507654,0.211473,1.76653,0.346827,-1.8755,0,0,0,0,0,0,12974,12929,12996,13001,12958,13056,13047,12998,13011,13004,12954,13000,13011,12930,13028,12978,0
95,4.49090576171875,-0.345482,-0.507409,0.211245,1.766,0.346988,-1.8758,0,0,0,0,0,0,12976,12927,12997,13004,12956,13056,13049,12994,13003,13002,12956,13008,13010,12930,13028,12979,0
96,4.528975486755371,-0.348081,-0.507111,0.21098,1.76563,0.347065,-1.8762,0,0,0,0,0,0,12971,12932,13005,13001,12959,13056,13051,12980,13012,13003,12963,13001,13011,12930,13029,12978,0
97,4.57594895362854,-0.351838,-0.506582,0.210641,1.76525,0.346732,-1.87,0,0,0,0,0,0,12972,12930,13005,13003,12957,13054,13044,12983,13004,13002,12956,13000,13013,12932,13028,12978,0
98,4.621925592422485,-0.354869,-0.506169,0.210303,1.76479,0.347287,-1.8773,0,0,0,0,0,0,12968,12934,12998,13002,12953,13053,13045,12990,13010,13002,12958,13000,13010,12932,13029,12978,0
99,4.669873476028442,-0.358531,-0.505583,0.210033,1.76421,0.347225,-1.8777,0,0,0,0,0,0,12976,12928,13007,13001,12957,13056,13051,12976,13005,13000,12956,13007,13014,12931,13028,12978,0
100,4.7266411781311035,-0.361139,-0.505164,0.209842,1.76382,0.347187,-1.8781,0,0,0,0,0,0,12968,12930,13006,13003,12956,13055,13049,13000,13010,13001,12956,13007,13014,12940,13029,12980,0
101,4.763780117034912,-0.363712,-0.504722,0.209528,1.76357,0.347391,-1.8784,0,0,0,0,0,0,12973,12933,12998,13002,12957,13056,13053,12997,13010,13010,12963,13010,13011,12931,13028,12978,0
102,4.810723304748535,-0.366324,-0.504263,0.209163,1.76335,0.347635,-1.8786,0,0,0,0,0,0,12972,12921,12996,13003,12958,13056,13052,13000,13002,13001,12954,12997,13011,12931,13027,12976,0
103,4.8576741218566895,-0.369988,-0.503625,0.208763,1.76285,0.347681,-1.879,0,0,0,0,0,0,12971,12931,13003,13001,12956,13050,13049,12982,13009,13001,12954,13012,13011,12931,13027,12977,0
104,4.90468430519104,-0.372696,-0.503035,0.208371,1.76289,0.347829,-1.8794,0,0,0,0,0,0,12968,12932,13002,13001,12957,13053,13051,12984,13003,13001,12952,12998,13012,12931,13027,12976,0
105,4.950608491897583,-0.376893,-0.502116,0.207961,1.76245,0.347949,-1.8797,0,0,0,0,0,0,12972,12929,12995,13005,12959,13051,13053,12990,13002,13002,12954,12998,13003,12930,13028,12975,0
106,5.010053396224976,-0.379485,-0.501562,0.207575,1.76231,0.348309,-1.8798,0,0,0,0,0,0,12970,12926,12996,13000,12954,13049,13050,12977,13001,12999,12954,12998,13011,12929,13027,12977,0
107,5.045552492141724,-0.382177,-0.500926,0.207259,1.76219,0.348242,-1.8801,0,0,0,0,0,0,12972,12929,12998,13000,12954,13054,13049,12994,13008,13000,12953,12999,13008,12929,13024,12974,0
108,5.092503309249878,-0.385852,-0.500042,0.206807,1.76189,0.348306,-1.88,0,0,0,0,0,0,12969,12926,12993,13003,12952,13053,13036,12990,13000,13004,12953,13005,13008,12929,13025,12977,0
109,5.139491319656372,-0.388505,-0.499413,0.206532,1.76154,0.348269,-1.8805,0,0,0,0,0,0,12967,12929,12993,13000,12953,13052,13045,12995,13008,13001,12960,12999,13010,12928,13026,12976,0
110,5.185244560241699,-0.392818,-0.498241,0.206073,1.76132,0.347944,-1.8809,0,0,0,0,0,0,12968,12928,12995,13001,12951,13055,13045,12986,13007,13006,12961,13009,13009,12929,13027,12967,0
111,5.245217323303223,-0.394922,-0.497663,0.205763,1.76123,0.348107,-1.881,0,0,0,0,0,0,12973,12924,12991,13000,12953,13038,13051,12990,13007,13000,12953,13001,13003,12929,13026,12978,0
112,5.2803778648376465,-0.398172,-0.496769,0.205335,1.76111,0.348228,-1.8811,0,0,0,0,0,0,12969,12930,13002,12998,12955,13043,13045,12984,13001,13000,12956,13011,13009,12930,13024,12976,0
113,5.327347755432129,-0.400804,-0.495968,0.204738,1.76138,0.34865,-1.8812,0,0,0,0,0,0,12968,12921,13002,12999,12951,13052,13050,12999,13008,12999,12956,12998,13010,12930,13026,12976,0
114,5.374298095703125,-0.404526,-0.494862,0.204238,1.76131,0.348444,-1.8813,0,0,0,0,0,0,12970,12927,13001,12999,12952,13027,13040,12995,13007,13000,12954,13004,13011,12929,13026,12975,0
115,5.421011924743652,-0.407694,-0.493853,0.203842,1.76107,0.348568,-1.8814,0,0,0,0,0,0,12972,12925,12991,13000,12946,13053,13052,12994,13008,13003,12953,12997,13008,12928,13024,12977,0
116,5.468213796615601,-0.410899,-0.492781,0.203365,1.76102,0.348501,-1.881,0,0,0,0,0,0,12970,12925,12992,12998,12951,13049,13049,12996,13006,13003,12952,12996,13009,12927,13025,12976,0
117,5.51515793800354,-0.415192,-0.491297,0.202644,1.76127,0.348684,-1.8816,0,0,0,0,0,0,12969,12927,12993,12998,12951,13043,13042,12988,13004,13000,12951,13000,13008,12929,13026,12977,0
118,5.57892107963562,-0.416771,-0.490721,0.202286,1.7614,0.348794,-1.8814,0,0,0,0,0,0,12968,12927,12998,12999,12954,13052,13045,12990,13007,13000,12950,13010,13011,12930,13024,12975,0
119,5.609098434448242,-0.419355,-0.489894,0.201854,1.76128,0.349118,-1.8813,0,0,0,0,0,0,12970,12929,13001,13000,12956,13054,13045,12985,13000,13006,12951,12998,13007,12930,13024,12977,0
120,5.654842138290405,-0.423144,-0.488498,0.201267,1.76142,0.348952,-1.8813,0,0,0,0,0,0,12965,12933,12999,13000,12952,13050,13044,12995,13008,12997,12957,12998,13005,12929,13015,12977,0
121,5.702117919921875,-0.425818,-0.487537,0.200918,1.76137,0.348817,-1.8814,0,0,0,0,0,0,12969,12927,13000,12999,12953,13046,13048,12979,13002,13008,12954,12998,13011,12930,13025,12977,0
122,5.749934434890747,-0.42942,-0.486105,0.200279,1.76135,0.349135,-1.8811,0,0,0,0,0,0,12967,12931,13001,13000,12953,13052,13050,12998,12996,12990,12954,12999,13008,12928,13025,12976,0
123,5.797122955322266,-0.432688,-0.484779,0.19964,1.76172,0.349153,-1.8811,0,0,0,0,0,0,12968,12926,12993,12999,12954,13051,13042,12994,12999,13003,12953,13007,13011,12930,13025,12977,0
124,5.843885660171509,-0.435406,-0.48363,0.199046,1.76214,0.349164,-1.881,0,0,0,0,0,0,12970,12925,12993,13001,12955,13052,13046,12993,13006,12991,12952,13011,13009,12930,13027,12978,0
125,5.890870809555054,-0.43915,-0.482006,0.198541,1.762,0.349164,-1.8809,0,0,0,0,0,0,12963,12932,12994,13001,12956,13053,13046,12990,13002,12997,12953,13012,13013,12930,13026,12978,0
126,5.939131021499634,-0.44177,-0.480862,0.198084,1.76206,0.349236,-1.8807,0,0,0,0,0,0,12971,12927,12993,13000,12953,13045,13039,12981,13007,13000,12952,13000,13003,12930,13025,12976,0
127,5.984985589981079,-0.444999,-0.479404,0.197491,1.76248,0.349189,-1.8806,0,0,0,0,0,0,12969,12928,13000,13000,12953,13051,13050,12987,13002,12999,12950,13003,13010,12931,13027,12975,0
128,6.03274941444397,-0.448666,-0.477686,0.196672,1.7629,0.349265,-1.8802,0,0,0,0,0,0,12968,12928,13003,13000,12952,13054,13049,12978,12990,12999,12958,13000,13008,12929,13027,12978,0
129,6.088967323303223,-0.451303,-0.476478,0.19603,1.76324,0.349615,-1.8799,0,0,0,0,0,0,12970,12925,13002,12999,12955,13046,13041,12976,13001,13000,12953,13007,13011,12932,13024,12977,0
130,6.126652002334595,-0.454025,-0.475114,0.195388,1.76383,0.349529,-1.8797,0,0,0,0,0,0,12966,12929,13001,13000,12951,13046,13049,12994,13006,13004,12954,13000,13005,12928,13024,12976,0
131,6.173596382141113,-0.457702,-0.473281,0.194731,1.76402,0.349422,-1.8794,0,0,0,0,0,0,12972,12926,12993,12999,12952,13052,13050,12991,12996,13005,12954,12998,13010,12928,13026,12974,0
132,6.22057318687439,-0.460795,-0.471699,0.194196,1.76401,0.34949,-1.8791,0,0,0,0,0,0,12966,12927,12994,13000,12944,13052,13047,12996,12995,13000,12950,13000,13007,12930,13023,12976,0
133,6.2674596309661865,-0.463949,-0.470017,0.193508,1.7645,0.34946,-1.8787,0,0,0,0,0,0,12969,12928,13002,12999,12952,13045,13049,12993,13008,12999,12953,13010,13009,12929,13026,12976,0
134,6.3143980503082275,-0.466606,-0.46858,0.192932,1.76491,0.349269,-1.8786,0,0,0,0,0,0,12968,12929,12999,13000,12952,13052,13048,12988,13007,12999,12952,13011,13011,12930,13025,12975,0
135,6.361514329910278,-0.470775,-0.466373,0.191983,1.76536,0.349318,-1.8779,0,0,0,0,0,0,12969,12931,12999,13000,12947,13050,13048,12990,13007,12999,12954,12998,13008,12929,13023,12976,0
136,6.420004844665527,-0.472314,-0.46549,0.19149,1.76588,0.349523,-1.8776,0,0,0,0,0,0,12968,12926,13000,12998,12952,13048,13048,12977,13000,12996,12954,13000,13008,12928,13025,12977,0
137,6.4554009437561035,-0.47604,-0.46335,0.190751,1.76631,0.349206,-1.8773,0,0,0,0,0,0,12969,12928,12998,12998,12951,13052,13047,12992,13004,12998,12958,12997,13011,12928,13011,12975,0
138,6.502344846725464,-0.47919,-0.46151,0.190174,1.76654,0.34891,-1.8769,0,0,0,0,0,0,12966,12931,12993,13000,12953,13051,13051,12994,13008,13001,12954,12998,13007,12928,13023,12977,0
139,6.549301385879517,-0.481702,-0.460051,0.189654,1.76667,0.348963,-1.8764,0,0,0,0,0,0,12968,12932,12992,13000,12952,13051,13051,12996,13008,13006,12959,12998,13007,12929,13024,12976,0
140,6.596247911453247,-0.484765,-0.458124,0.188654,1.76768,0.34933,-1.8758,0,0,0,0,0,0,12970,12927,12992,13001,12951,13038,13043,12990,12997,12999,12950,13001,13008,12928,13024,12975,0
141,6.643180847167969,-0.487895,-0.456169,0.187933,1.76817,0.348921,-1.8753,0,0,0,0,0,0,12963,12926,13000,13000,12953,13052,13048,12989,13005,12998,12955,13010,13006,12929,13025,12975,0
142,6.690900802612305,-0.490404,-0.454582,0.187368,1.76845,0.34896,-1.8749,0,0,0,0,0,0,12968,12925,12998,13000,12952,13053,13045,12992,12999,12998,12951,13005,13010,12929,13022,12974,0
143,6.737126111984253,-0.493936,-0.452203,0.186457,1.7691,0.348876,-1.874,0,0,0,0,0,0,12969,12927,12997,12997,12947,13050,13046,12988,12999,12997,12956,13009,13005,12928,13023,12975,0
144,6.783037185668945,-0.497043,-0.450143,0.185756,1.76968,0.348716,-1.8737,0,0,0,0,0,0,12970,12925,12995,12998,12952,13046,13045,12975,13001,13007,12956,13004,13010,12927,13022,12977,0
145,6.833039045333862,-0.500045,-0.448133,0.184991,1.77007,0.348579,-1.87,0,0,0,0,0,0,12966,12926,13003,13000,12954,13053,13048,12975,13002,13000,12955,13004,13007,12928,13026,12979,0
146,6.8790202140808105,-0.503052,-0.446048,0.184011,1.77095,0.348836,-1.8721,0,0,0,0,0,0,12968,12927,13000,12998,12951,13048,13034,12996,13006,12999,12959,13000,13011,12933,13026,12982,0
147,6.92489767074585,-0.505627,-0.444206,0.183314,1.77159,0.348449,-1.8716,0,0,0,0,0,0,12976,12924,12992,12997,12954,13044,13050,12996,12998,13000,12958,12996,13014,12930,13024,12977,0
148,6.971919775009155,-0.509115,-0.441638,0.182471,1.77215,0.348209,-1.871,0,0,0,0,0,0,12971,12926,12994,12999,12955,13051,13045,12994,13007,13001,12961,12996,13008,12931,13027,12976,0
149,7.02486777305603,-0.511616,-0.439789,0.181827,1.77267,0.348115,-1.8703,0,0,0,0,0,0,12967,12931,12991,12999,12954,13051,13048,12995,13006,12999,12956,13010,13026,12930,13023,12974,0
150,7.066720247268677,-0.51463,-0.437558,0.181154,1.77312,0.347778,-1.869,0,0,0,0,0,0,12974,12934,12990,13000,12955,13042,13039,12978,13004,12996,12957,12999,13042,12930,13023,12973,0
151,7.112831115722656,-0.517671,-0.435142,0.180294,1.77391,0.347281,-1.8691,0,0,0,0,0,0,12966,12934,12996,12996,12953,13049,13049,12985,12997,12997,12960,13009,13089,12929,13019,12968,0
152,7.158914089202881,-0.520281,-0.433098,0.179457,1.77476,0.347234,-1.8683,0,0,0,0,0,0,12972,12929,12995,12997,12951,13050,13049,12979,13004,12997,12962,12996,13105,12926,13021,12966,0
153,7.207046747207642,-0.52184,-0.431816,0.178844,1.77532,0.347406,-1.8677,0,0,0,0,0,0,12969,12931,12991,12997,12950,13051,13039,12976,13003,12995,12956,13003,13099,12929,13022,12968,0
154,7.253675937652588,-0.523327,-0.43065,0.178524,1.77545,0.347225,-1.8676,0,0,0,0,0,0,12968,12944,12995,12996,12952,13045,13049,12992,12994,13004,12963,13001,13098,12929,13021,12966,0
155,7.300598859786987,-0.523811,-0.430175,0.178367,1.77575,0.347129,-1.8676,0,0,0,0,0,0,12972,12937,12984,12999,12953,13045,13037,12991,12993,13001,12958,13005,13094,12929,13021,12969,0
156,7.347550868988037,-0.523797,-0.430201,0.17836,1.77573,0.347043,-1.8676,0,0,0,0,0,0,12969,12933,12985,12997,12954,13053,13050,12984,13004,13004,12958,13000,13097,12928,13023,12969,0
157,7.404936790466309,-0.523767,-0.430204,0.178332,1.77578,0.347152,-1.8676,0,0,0,0,0,0,12959,12935,12988,12996,12946,13039,13048,12999,12994,12997,12957,12997,13096,12930,13021,12967,0
158,7.441553354263306,-0.523775,-0.430189,0.178304,1.77584,0.347095,-1.8675,0,0,0,0,0,0,12971,12935,12989,12996,12959,13053,13049,12983,13003,12996,12958,13010,13094,12929,13023,12969,0
159,7.499982595443726,-0.523774,-0.430182,0.178288,1.77589,0.347125,-1.8675,0,0,0,0,0,0,12970,12937,12982,12997,12952,13045,13049,12982,13005,12993,12957,13002,13096,12928,13022,12967,0
160,7.535460710525513,-0.523759,-0.430193,0.178303,1.77587,0.347131,-1.8675,0,0,0,0,0,0,12969,12932,12990,12997,12953,13054,13048,12989,12998,13008,12962,13009,13094,12930,13021,12969,0
161,7.5824480056762695,-0.52374,-0.430251,0.178361,1.77572,0.347109,-1.8675,0,0,0,0,0,0,12970,12931,12994,12997,12953,13054,13048,12975,13005,12997,12960,13006,13094,12929,13022,12968,0
162,7.635563611984253,-0.523753,-0.430241,0.178312,1.7758,0.34709,-1.8675,0,0,0,0,0,0,12974,12930,12984,12997,12949,13048,13033,12976,13005,12996,12958,13004,13095,12930,13021,12969,0
163,7.675357818603516,-0.523754,-0.43024,0.178383,1.7757,0.346907,-1.8674,0,0,0,0,0,0,12969,12932,12985,13002,12952,13044,13041,12996,13004,12993,12957,13006,13096,12928,13023,12969,0
164,7.72432279586792,-0.523716,-0.430254,0.178376,1.77567,0.347003,-1.8674,0,0,0,0,0,0,12970,12935,12987,12997,12944,13052,13035,12998,12993,12998,12959,12993,13093,12929,13022,12970,0
165,7.771254539489746,-0.523741,-0.430258,0.178396,1.77561,0.346931,-1.8674,0,0,0,0,0,0,12969,12934,12990,12998,12954,13043,13045,12997,13004,13003,12955,12998,13094,12929,13024,12969,0
166,7.829113006591797,-0.523766,-0.430236,0.178387,1.77565,0.346857,-1.8674,0,0,0,0,0,0,12954,12935,12990,12996,12952,13054,13043,12989,13004,12999,12957,13010,13094,12930,13023,12969,0
167,7.865196943283081,-0.523719,-0.430254,0.178331,1.77572,0.34697,-1.8673,0,0,0,0,0,0,12968,12937,12992,12999,12956,13058,13050,12985,12998,12996,12964,13006,13094,12931,13017,12969,0
168,7.911147594451904,-0.523749,-0.430243,0.178392,1.77565,0.34682,-1.8674,0,0,0,0,0,0,12970,12934,12995,12998,12957,13052,13050,12988,12999,12996,12960,12999,13084,12930,13022,12969,0
169,7.960125923156738,-0.523726,-0.430256,0.178337,1.77573,0.346971,-1.8673,0,0,0,0,0,0,12972,12933,12992,12997,12950,13049,13049,12976,13005,12996,12958,12997,13094,12932,13022,12969,0
170,8.005076885223389,-0.523724,-0.430267,0.178372,1.77561,0.346898,-1.867,0,0,0,0,0,0,12971,12935,12992,12997,12953,13054,13049,12995,13006,12996,12955,12998,13093,12930,13024,12970,0
171,8.051066160202026,-0.523727,-0.430244,0.178374,1.77565,0.346914,-1.867,0,0,0,0,0,0,12971,12945,12989,12999,12952,13052,13037,12998,12995,13000,12957,13006,13091,12935,13021,12967,0
172,8.09944748878479,-0.523717,-0.430269,0.178349,1.77567,0.346974,-1.8673,0,0,0,0,0,0,12971,12932,12989,12998,12954,13039,13048,12999,13004,13001,12965,12998,13091,12929,13022,12969,0
173,8.14692234992981,-0.523727,-0.430272,0.178372,1.77565,0.34691,-1.867,0,0,0,0,0,0,12977,12934,12990,12998,12954,13055,13044,12978,13005,12997,12956,13010,13092,12930,13023,12969,0
174,8.193852186203003,-0.523737,-0.430275,0.178365,1.77564,0.346923,-1.867,0,0,0,0,0,0,12971,12933,12986,12997,12955,13038,13040,12980,13004,12998,12964,12998,13087,12930,13022,12964,0
175,8.241896390914917,-0.52375,-0.430274,0.178399,1.77564,0.346901,-1.8674,0,0,0,0,0,0,12971,12939,12993,12997,12955,13053,13052,12984,12998,12997,12954,13007,13093,12931,13021,12970,0
176,8.287878513336182,-0.52374,-0.430262,0.178408,1.7756,0.346883,-1.8674,0,0,0,0,0,0,12976,12932,12991,12997,12955,13054,13041,12979,12998,12996,12954,13006,13091,12931,13022,12967,0
177,8.334788084030151,-0.523731,-0.430268,0.178353,1.77566,0.346979,-1.8674,0,0,0,0,0,0,12969,12935,12995,12996,12949,13026,13030,12987,12997,12998,12964,13005,13093,12930,13022,12967,0
178,8.381706237792969,-0.523728,-0.43026,0.17836,1.77566,0.346998,-1.8674,0,0,0,0,0,0,12970,12934,12995,12998,12953,13054,13046,12998,13006,12997,12965,13004,13093,12931,13021,12969,0
179,8.428617715835571,-0.523721,-0.430231,0.17835,1.77568,0.346949,-1.8674,0,0,0,0,0,0,12973,12939,12992,12998,12952,13053,13050,12995,13006,13003,12965,12997,13092,12931,13024,12969,0
180,8.47552490234375,-0.523737,-0.430217,0.178321,1.77576,0.346983,-1.8674,0,0,0,0,0,0,12971,12938,12988,12998,12955,13043,13049,12993,13003,12997,12955,13001,13093,12930,13020,12969,0
181,8.52354097366333,-0.523737,-0.430274,0.178416,1.77555,0.346881,-1.8674,0,0,0,0,0,0,12967,12924,12989,12999,12962,13051,13044,12984,13004,12998,12964,13011,13091,12929,13023,12970,0
182,8.56957221031189,-0.523736,-0.430278,0.178428,1.77554,0.34696,-1.8675,0,0,0,0,0,0,12971,12937,12988,12998,12950,13053,13050,12980,12998,13004,12965,12998,13092,12931,13022,12969,0
183,8.61600112915039,-0.523712,-0.430286,0.178368,1.77562,0.34701,-1.867,0,0,0,0,0,0,12972,12937,12994,12998,12958,13053,13039,12988,13005,12997,12960,12997,13089,12930,13019,12968,0
184,8.663466453552246,-0.523722,-0.430246,0.178354,1.77567,0.346964,-1.8674,0,0,0,0,0,0,12970,12932,12994,12997,12956,13049,13050,12975,12998,12997,12961,12998,13091,12930,13021,12969,0
185,8.710371732711792,-0.523744,-0.430265,0.178368,1.77564,0.346935,-1.8674,0,0,0,0,0,0,12970,12941,12985,12999,12953,13054,13052,12998,12996,12996,12959,12998,13091,12930,13023,12969,0
186,8.757432699203491,-0.523741,-0.430234,0.178388,1.77563,0.346945,-1.8674,0,0,0,0,0,0,12969,12934,12996,12999,12953,13054,13040,12993,12996,12997,12964,13005,13091,12931,13027,12968,0
187,8.804420948028564,-0.52376,-0.430241,0.178398,1.77566,0.346934,-1.8675,0,0,0,0,0,0,12970,12933,12989,13002,12954,13045,13049,12998,13006,13003,12964,13005,13091,12924,13023,12970,0
188,8.851389169692993,-0.523809,-0.430351,0.178568,1.77556,0.346867,-1.8675,0,0,0,0,0,0,12973,12933,12989,12999,12953,13055,13048,12998,13005,12998,12965,12998,13090,12932,13030,12969,0
189,8.912324905395508,-0.523822,-0.430513,0.178764,1.77519,0.346814,-1.867,0,0,0,0,0,0,12970,12935,12992,12999,12953,13055,13042,12978,13007,12998,12957,13007,13090,12930,13022,12969,0
190,8.945317506790161,-0.523865,-0.430696,0.179043,1.77497,0.34684,-1.867,0,0,0,0,0,0,12970,12937,12992,12999,12955,13056,13037,12980,12998,12998,12958,12998,13089,12931,13022,12968,0
191,8.992293357849121,-0.523929,-0.43093,0.179328,1.77511,0.346928,-1.867,0,0,0,0,0,0,12971,12935,12992,12997,12959,13053,13051,12989,12999,12997,12965,12999,13088,12929,13024,12968,0
192,9.038248300552368,-0.523973,-0.431246,0.179746,1.77501,0.346915,-1.8676,0,0,0,0,0,0,12975,12933,12995,12998,12954,13048,13050,12979,13004,12997,12959,12999,13088,12932,13023,12970,0
193,9.086221694946289,-0.524001,-0.431535,0.180017,1.77517,0.34703,-1.8674,0,0,0,0,0,0,12978,12937,12995,12997,12953,13053,13049,12998,13006,12998,12962,12997,13088,12928,13022,12969,0
194,9.132276058197021,-0.524093,-0.431951,0.180559,1.77542,0.347225,-1.8672,0,0,0,0,0,0,12978,12939,12989,12997,12949,13053,13041,12992,12997,13001,12959,13005,13091,12931,13021,12967,0
195,9.180040836334229,-0.524258,-0.432383,0.181246,1.77542,0.347001,-1.8674,0,0,0,0,0,0,12969,12935,12988,12998,12957,13034,13050,12998,13005,12999,12957,13010,13091,12931,13021,12969,0
196,9.227081775665283,-0.524327,-0.432831,0.181825,1.7753,0.347127,-1.8673,0,0,0,0,0,0,12977,12935,12994,12999,12953,13055,13045,12978,13006,12998,12956,13008,13088,12931,13022,12970,0
197,9.2737877368927,-0.52447,-0.43338,0.18256,1.77537,0.347135,-1.867,0,0,0,0,0,0,12973,12935,12986,12997,12954,13042,13048,12979,13000,12998,12958,13004,13079,12929,13021,12966,0
198,9.321023225784302,-0.524612,-0.434011,0.183385,1.77535,0.347074,-1.8673,0,0,0,0,0,0,12972,12934,12996,12997,12956,13053,13043,12984,13000,12997,12965,13002,13092,12931,13023,12969,0
199,9.367963552474976,-0.524752,-0.43456,0.184232,1.77518,0.34699,-1.8674,0,0,0,0,0,0,12971,12937,12991,12997,12954,13054,13049,12977,13005,12997,12965,12999,13091,12931,13023,12968,0
200,9.412943840026855,-0.524991,-0.435348,0.185388,1.77526,0.346764,-1.8675,0,0,0,0,0,0,12973,12935,12995,12991,12954,13047,13033,12983,12995,12998,12958,13006,13089,12931,13023,12970,0
201,9.461921215057373,-0.525154,-0.436112,0.186414,1.77533,0.346765,-1.8674,0,0,0,0,0,0,12973,12932,12996,12998,12953,13043,13049,12980,13005,12997,12957,12998,13076,12930,13023,12969,0
202,9.50887155532837,-0.525356,-0.436933,0.187553,1.77527,0.3468,-1.8674,0,0,0,0,0,0,12971,12940,12990,12999,12957,13052,13051,12993,13006,13003,12958,12997,13088,12930,13024,12968,0
203,9.555859565734863,-0.525579,-0.437827,0.188833,1.77518,0.346672,-1.8675,0,0,0,0,0,0,12970,12938,12990,12999,12954,13038,13048,12999,12995,12997,12957,12997,13089,12930,13022,12968,0
204,9.602761030197144,-0.525773,-0.438595,0.189902,1.77519,0.346697,-1.8676,0,0,0,0,0,0,12969,12938,12990,12998,12950,13056,13052,12987,13005,12998,12964,13011,13092,12930,13023,12970,0
205,9.651778221130371,-0.525965,-0.439376,0.191062,1.77513,0.346632,-1.8677,0,0,0,0,0,0,12969,12936,12988,12998,12953,13054,13051,12980,12999,12987,12958,12998,13088,12931,13021,12969,0
206,9.695683717727661,-0.526167,-0.440605,0.192666,1.77519,0.346709,-1.8676,0,0,0,0,0,0,12974,12936,12993,12998,12959,13052,13048,12989,13004,12995,12963,13004,13084,12930,13022,12970,0
207,9.744638919830322,-0.52642,-0.441671,0.194194,1.77516,0.346674,-1.8676,0,0,0,0,0,0,12971,12934,12992,12999,12952,13045,13049,12974,13006,12997,12962,13010,13089,12930,13023,12971,0
208,9.790616750717163,-0.526649,-0.442788,0.195753,1.77534,0.346752,-1.8676,0,0,0,0,0,0,12967,12930,12993,12998,12953,13055,13050,12997,12997,13004,12957,12999,13088,12930,13021,12970,0
209,9.83756685256958,-0.526876,-0.443929,0.197391,1.7754,0.346649,-1.8674,0,0,0,0,0,0,12970,12935,12990,13000,12954,13052,13042,12999,12997,12987,12958,13005,13089,12931,13023,12970,0
210,9.884519338607788,-0.527058,-0.444977,0.198863,1.77537,0.346697,-1.8675,0,0,0,0,0,0,12970,12932,12988,12998,12956,13054,13042,12999,13005,12997,12965,13004,13090,12929,13024,12970,0
211,9.931461572647095,-0.52736,-0.446436,0.201087,1.77521,0.346446,-1.8676,0,0,0,0,0,0,12972,12933,12989,12999,12954,13050,13049,12998,13006,12998,12965,13010,13089,12929,13022,12970,0
212,9.979153394699097,-0.527603,-0.447735,0.202987,1.77528,0.346583,-1.8677,0,0,0,0,0,0,12975,12933,12984,12998,12952,13056,13045,12977,13006,12998,12954,12999,13083,12930,13022,12969,0
213,10.026249647140503,-0.527808,-0.448854,0.204662,1.77536,0.346533,-1.8676,0,0,0,0,0,0,12971,12932,12995,12998,12955,13049,13051,12984,13001,12997,12965,13008,13089,12932,13023,12969,0
214,10.072335958480835,-0.527994,-0.450264,0.206745,1.77534,0.346634,-1.8675,0,0,0,0,0,0,12970,12935,12993,12998,12956,13054,13051,12998,13000,12997,12961,12999,13089,12930,13022,12968,0
215,10.119185447692871,-0.528213,-0.451747,0.209014,1.77517,0.34649,-1.8675,0,0,0,0,0,0,12974,12927,12995,12998,12951,13052,13049,12977,13005,12997,12958,13005,13090,12934,13023,12971,0
216,10.166046142578125,-0.528376,-0.453004,0.210858,1.77525,0.346499,-1.8674,0,0,0,0,0,0,12970,12934,12995,12998,12951,13054,13050,12998,13008,12998,12956,13005,13089,12930,13023,12970,0
217,10.213253498077393,-0.528618,-0.454786,0.213663,1.77505,0.346456,-1.8674,0,0,0,0,0,0,12971,12935,12990,12999,12949,13054,13043,12998,12993,13001,12959,13006,13088,12931,13023,12970,0
218,10.261221647262573,-0.528799,-0.456307,0.215992,1.7753,0.34675,-1.8675,0,0,0,0,0,0,12971,12933,12990,12999,12956,13046,13049,12993,13006,12998,12964,12997,13089,12929,13024,12970,0
219,10.307146072387695,-0.528957,-0.457882,0.218559,1.77532,0.346583,-1.8674,0,0,0,0,0,0,12973,12923,12994,12998,12956,13055,13045,12985,13005,12996,12947,12998,13089,12929,13023,12969,0
220,10.353754043579102,-0.529211,-0.45953,0.221368,1.77502,0.346369,-1.8676,0,0,0,0,0,0,12971,12934,12992,12998,12954,13054,13050,12995,13005,13002,12957,12997,13088,12931,13021,12968,0
221,10.402308464050293,-0.529356,-0.460946,0.223681,1.77494,0.346323,-1.8677,0,0,0,0,0,0,12972,12931,12994,12997,12956,13050,13050,12986,13000,12996,12965,13010,13086,12933,13022,12968,0
222,10.449788570404053,-0.529474,-0.46233,0.225923,1.77511,0.346354,-1.8676,0,0,0,0,0,0,12970,12931,12992,12998,12955,13052,13052,13000,13005,12997,12955,13001,13088,12930,13021,12969,0
223,10.496018886566162,-0.52961,-0.464335,0.229169,1.77535,0.346495,-1.867,0,0,0,0,0,0,12973,12933,12995,12998,12954,13052,13041,12989,13006,12999,12965,13005,13087,12930,13024,12964,0
224,10.542968273162842,-0.529718,-0.466081,0.232175,1.77534,0.346404,-1.867,0,0,0,0,0,0,12976,12935,12993,13000,12954,13054,13042,12995,13007,12997,12964,12998,13087,12929,13022,12970,0
225,10.589941024780273,-0.529862,-0.467937,0.235474,1.77488,0.346205,-1.8676,0,0,0,0,0,0,12984,12940,12990,13000,12952,13054,13046,12997,13006,12996,12959,12998,13087,12931,13023,12970,0
226,10.636898279190063,-0.529956,-0.469769,0.238673,1.7749,0.346355,-1.867,0,0,0,0,0,0,12970,12938,12989,12998,12948,13035,13050,12992,13005,13004,12954,12999,13088,12931,13035,12969,0
227,10.68385934829712,-0.529966,-0.471316,0.241275,1.7751,0.346566,-1.8676,0,0,0,0,0,0,12973,12934,12993,12999,12951,13055,13045,12986,13005,12998,12964,13008,13088,12930,13021,12968,0
228,10.730798721313477,-0.530032,-0.47355,0.245318,1.77486,0.346377,-1.8677,0,0,0,0,0,0,12977,12941,12995,12998,12954,13054,13043,12988,12998,12992,12958,12998,13087,12931,13022,12969,0
229,10.778792381286621,-0.530056,-0.47515,0.24823,1.77482,0.346309,-1.8677,0,0,0,0,0,0,12970,12933,12995,12999,12954,13053,13048,12988,12999,12997,12965,13008,13089,12932,13021,12968,0
230,10.824745893478394,-0.530035,-0.477042,0.251742,1.77495,0.346198,-1.8676,0,0,0,0,0,0,12971,12932,12995,12997,12949,13053,13050,12978,13006,12997,12964,13011,13085,12931,13021,12971,0
231,10.870719909667969,-0.529973,-0.478815,0.255049,1.77519,0.346468,-1.8677,0,0,0,0,0,0,12970,12935,12985,12998,12953,13049,13050,12977,12999,13001,12959,12997,13087,12929,13023,12970,0
232,10.917675256729126,-0.529894,-0.480593,0.258399,1.77513,0.346288,-1.8675,0,0,0,0,0,0,12960,12939,12995,12998,12953,13053,13040,13000,13004,13001,12958,13000,13088,12929,13024,12964,0
233,10.974959135055542,-0.529843,-0.482028,0.261172,1.77511,0.346248,-1.8675,0,0,0,0,0,0,12976,12937,12989,12999,12953,13044,13051,12998,12995,13001,12958,13004,13087,12923,13022,12969,0
234,11.012620210647583,-0.529726,-0.483896,0.264915,1.77518,0.346213,-1.8675,0,0,0,0,0,0,12966,12933,12989,12999,12954,13054,13049,12997,12991,12995,12964,12998,13087,12930,13023,12968,0
235,11.059565305709839,-0.529571,-0.48545,0.268011,1.77519,0.346425,-1.8675,0,0,0,0,0,0,12970,12936,12990,12999,12954,13044,13044,12995,12995,12998,12958,12999,13087,12931,13023,12970,0
236,11.106513738632202,-0.529445,-0.486681,0.270603,1.77515,0.346413,-1.8676,0,0,0,0,0,0,12970,12925,12996,12999,12955,13049,13051,12985,13005,12997,12963,13007,13088,12929,13022,12969,0
237,11.152449369430542,-0.529317,-0.488114,0.27363,1.77516,0.3463,-1.8675,0,0,0,0,0,0,12970,12938,12995,13000,12955,13056,13050,12984,12998,12997,12956,13007,13088,12930,13021,12970,0
238,11.20048213005066,-0.529099,-0.489524,0.276613,1.77501,0.346284,-1.8675,0,0,0,0,0,0,12972,12934,12991,12996,12959,13048,13050,12996,12995,12999,12964,12999,13084,12930,13023,12968,0
239,11.248454332351685,-0.52901,-0.490574,0.278937,1.77523,0.346181,-1.8676,0,0,0,0,0,0,12971,12938,12986,12999,12956,13051,13048,12978,13000,12997,12959,12999,13088,12930,13022,12971,0
240,11.29439640045166,-0.528731,-0.492078,0.282187,1.77506,0.346315,-1.8676,0,0,0,0,0,0,12966,12934,12994,12998,12954,13052,13051,12996,13001,12996,12964,13000,13087,12922,13023,12968,0
241,11.34236764907837,-0.528522,-0.493264,0.284815,1.7752,0.346522,-1.8676,0,0,0,0,0,0,12971,12937,12990,13000,12951,13050,13039,12987,12996,13001,12965,13006,13086,12933,13023,12969,0
242,11.388305902481079,-0.528278,-0.49446,0.28748,1.77512,0.34652,-1.867,0,0,0,0,0,0,12971,12933,12993,12998,12953,13054,13049,12996,13004,12997,12956,12997,13087,12930,13024,12970,0
243,11.435311317443848,-0.528051,-0.495582,0.290053,1.77498,0.346294,-1.8675,0,0,0,0,0,0,12971,12935,12990,12998,12954,13056,13043,12993,13005,12997,12964,13012,13088,12929,13022,12970,0
244,11.482554197311401,-0.527839,-0.496487,0.292037,1.77506,0.346351,-1.8674,0,0,0,0,0,0,12980,12936,12983,12998,12954,13043,13041,12979,13005,12997,12954,12998,13090,12930,13022,12968,0
245,11.529244184494019,-0.52761,-0.497333,0.293961,1.77515,0.346524,-1.8673,0,0,0,0,0,0,12972,12934,12989,12998,12952,13055,13044,12985,13000,12997,12962,13002,13088,12932,13022,12969,0
246,11.576725244522095,-0.52731,-0.498747,0.297283,1.77535,0.346493,-1.8673,0,0,0,0,0,0,12971,12938,12991,12998,12954,13052,13050,12988,13006,12997,12964,13002,13089,12930,13022,12968,0
247,11.634679794311523,-0.52717,-0.499375,0.298778,1.77529,0.346621,-1.8674,0,0,0,0,0,0,12958,12935,12994,12999,12960,13047,13049,12978,13000,12997,12958,12999,13087,12930,13022,12971,0
248,11.67296290397644,-0.526959,-0.500246,0.300872,1.77532,0.346585,-1.8675,0,0,0,0,0,0,12969,12940,12989,12999,12953,13043,13051,12979,13006,12997,12958,13007,13087,12930,13023,12970,0
249,11.717110395431519,-0.52673,-0.501078,0.302978,1.7752,0.346422,-1.8674,0,0,0,0,0,0,12971,12943,12989,12998,12953,13053,13036,12991,12996,12999,12958,13006,13087,12932,13023,12971,0
250,11.765090227127075,-0.52653,-0.501711,0.304572,1.77527,0.346507,-1.8674,0,0,0,0,0,0,12970,12932,12990,13000,12953,13050,13048,12990,13006,12998,12964,13000,13082,12931,13024,12969,0
251,11.811050653457642,-0.526293,-0.502578,0.306716,1.77529,0.346561,-1.867,0,0,0,0,0,0,12971,12933,12991,12998,12952,13054,13048,12995,13006,12997,12957,13010,13086,12930,13022,12971,0
252,11.858022928237915,-0.526064,-0.50318,0.308111,1.77545,0.346898,-1.8674,0,0,0,0,0,0,12972,12934,12993,12998,12956,13056,13052,12979,13005,12986,12963,13007,13084,12930,13023,12969,0
253,11.904992580413818,-0.525893,-0.503823,0.309786,1.77556,0.346834,-1.8674,0,0,0,0,0,0,12971,12940,12995,12999,12950,13050,13051,12983,13001,12997,12961,13003,13086,12931,13022,12967,0
254,11.951939105987549,-0.525667,-0.504454,0.311509,1.7753,0.346687,-1.8673,0,0,0,0,0,0,12971,12934,12992,12997,12953,13050,13053,12992,13007,13004,12962,13002,13087,12930,13023,12969,0
255,11.997757196426392,-0.525483,-0.505061,0.313042,1.77529,0.346682,-1.8674,0,0,0,0,0,0,12971,12937,12994,12998,12955,13048,13044,12976,12998,12996,12958,13000,13088,12929,13023,12970,0
256,12.057771682739258,-0.525319,-0.505524,0.314241,1.77529,0.3467,-1.8674,0,0,0,0,0,0,12973,12941,12987,12997,12953,13051,13052,12997,13007,12998,12957,13006,13085,12932,13024,12969,0
257,12.092864990234375,-0.525108,-0.506093,0.315748,1.77543,0.346849,-1.8674,0,0,0,0,0,0,12973,12931,12989,13001,12952,13048,13041,12990,12997,12999,12964,13006,13087,12931,13023,12971,0
258,12.139791488647461,-0.524901,-0.506613,0.317054,1.77523,0.347047,-1.8674,0,0,0,0,0,0,12969,12933,12989,12999,12956,13054,13051,12998,13006,12999,12957,12997,13088,12930,13024,12970,0
259,12.186715841293335,-0.524796,-0.506933,0.318062,1.77527,0.346911,-1.8675,0,0,0,0,0,0,12970,12932,12990,12998,12962,13055,13045,12997,13008,12996,12958,12998,13088,12930,13023,12970,0
260,12.23363733291626,-0.524661,-0.507327,0.31913,1.77532,0.346772,-1.8674,0,0,0,0,0,0,12965,12936,12994,12999,12953,13055,13049,12979,12999,12997,12955,13005,13079,12929,13022,12968,0
261,12.280689477920532,-0.524471,-0.507753,0.320102,1.77534,0.347057,-1.8674,0,0,0,0,0,0,12969,12941,12992,12997,12953,13046,13046,13002,13000,12997,12964,13010,13087,12930,13022,12970,0
262,12.328641414642334,-0.524315,-0.508015,0.320851,1.77533,0.347206,-1.8673,0,0,0,0,0,0,12972,12935,12995,12997,12953,13053,13050,12976,13006,12997,12949,12998,13089,12930,13021,12969,0
263,12.374595880508423,-0.524202,-0.508387,0.321819,1.77539,0.347022,-1.8673,0,0,0,0,0,0,12973,12937,12993,12998,12952,13054,13044,12975,13000,12998,12958,12997,13086,12931,13022,12969,0
264,12.420491218566895,-0.524083,-0.508661,0.322663,1.77542,0.346857,-1.8672,0,0,0,0,0,0,12960,12935,12990,13000,12952,13045,13044,12994,13004,12995,12958,12999,13085,12930,13022,12972,0
265,12.478436470031738,-0.524024,-0.508855,0.323204,1.77542,0.346915,-1.8673,0,0,0,0,0,0,12970,12938,12994,12998,12959,13054,13052,12998,13007,13002,12956,12998,13088,12936,13025,12970,0
266,12.515698432922363,-0.523929,-0.509041,0.323776,1.77542,0.347001,-1.8673,0,0,0,0,0,0,12972,12936,12989,13000,12954,13044,13044,12995,13000,12997,12964,12997,13085,12920,13022,12970,0
267,12.564438343048096,-0.523869,-0.509189,0.324149,1.77539,0.347065,-1.8673,0,0,0,0,0,0,12972,12939,12992,12998,12957,13053,13052,12984,13006,12998,12956,13010,13086,12931,13023,12969,0
268,12.607322454452515,-0.523851,-0.509262,0.324556,1.77533,0.346849,-1.867,0,0,0,0,0,0,12972,12937,12993,13000,12957,13057,13049,12983,12999,13005,12957,12999,13086,12932,13024,12971,0
269,12.655195951461792,-0.523821,-0.509384,0.324868,1.77533,0.346866,-1.8675,0,0,0,0,0,0,12970,12933,12995,12998,12958,13054,13050,12992,13005,12996,12960,12999,13083,12929,13035,12970,0
270,12.701403141021729,-0.523737,-0.509483,0.325071,1.77531,0.347006,-1.8674,0,0,0,0,0,0,12961,12936,12995,13000,12965,13052,13051,12981,12999,13003,12957,13000,13085,12931,13038,12971,0
271,12.755764961242676,-0.523756,-0.509482,0.325179,1.77536,0.346899,-1.8675,0,0,0,0,0,0,12974,12938,12989,12999,12952,13054,13053,13000,13006,12994,12956,12999,13086,12930,13069,12964,0
272,12.798312902450562,-0.523713,-0.509516,0.325103,1.77541,0.347137,-1.8674,0,0,0,0,0,0,12973,12937,12982,13003,12954,13059,13053,13003,13007,13001,12965,12999,13086,12931,13061,12966,0
273,12.845266819000244,-0.523587,-0.509572,0.32517,1.77537,0.347096,-1.867,0,0,0,0,0,0,12972,12936,12978,13006,12952,13063,13054,12997,13006,13002,12962,13001,13087,12931,13075,12964,0
274,12.903168439865112,-0.523409,-0.509661,0.325258,1.77527,0.347186,-1.8673,0,0,0,0,0,0,12967,12923,12966,13021,12952,13066,13052,13011,13006,12996,12963,13000,13081,12931,13080,12966,0
275,12.939112663269043,-0.523164,-0.509743,0.325359,1.77517,0.347097,-1.8673,0,0,0,0,0,0,12976,12934,12964,13024,12954,13062,13044,13002,13005,12998,12963,13011,13089,12931,13076,12967,0
276,12.985032081604004,-0.522809,-0.509848,0.325495,1.7749,0.346964,-1.8674,0,0,0,0,0,0,12971,12936,12967,13017,12951,13069,13046,13003,13005,12998,12955,13005,13085,12932,13075,12963,0
277,13.033098459243774,-0.522407,-0.509957,0.325512,1.77504,0.346928,-1.8675,0,0,0,0,0,0,12971,12931,12963,13021,12949,13066,13054,13010,13006,12998,12962,12998,13082,12931,13097,12960,0
278,13.081066846847534,-0.521854,-0.510117,0.32558,1.77497,0.347022,-1.8677,0,0,0,0,0,0,12964,12936,12963,13019,12953,13066,13047,13005,12999,12999,12954,12999,13087,12930,13092,12962,0
279,13.12699556350708,-0.521321,-0.510296,0.325601,1.77501,0.347069,-1.8677,0,0,0,0,0,0,12968,12932,12962,13015,12949,13070,13058,13025,13005,12997,12954,13006,13084,12931,13104,12960,0
280,13.174018859863281,-0.520483,-0.510522,0.325729,1.77493,0.34692,-1.8679,0,0,0,0,0,0,12978,12928,12956,13022,12952,13073,13045,13015,12999,13003,12953,13001,13085,12931,13124,12956,0
281,13.220970630645752,-0.51961,-0.5108,0.325788,1.77478,0.347012,-1.8681,0,0,0,0,0,0,12965,12932,12956,13033,12959,13071,13047,13027,13005,13000,12963,12999,13087,12930,13118,12959,0
282,13.268075704574585,-0.518609,-0.511109,0.325948,1.77465,0.347034,-1.8681,0,0,0,0,0,0,12973,12937,12952,13032,12953,13051,13054,13031,12997,13000,12952,12996,13084,12929,13125,12960,0
283,13.315251588821411,-0.517579,-0.511409,0.326048,1.77451,0.34706,-1.8684,0,0,0,0,0,0,12971,12936,12964,13048,12956,13069,13053,13019,13007,13000,12955,13008,13085,12930,13128,12960,0
284,13.362617492675781,-0.516612,-0.511696,0.326093,1.77456,0.347221,-1.8685,0,0,0,0,0,0,12972,12937,12962,13051,12951,13064,13054,13019,12999,13000,12956,12998,13086,12928,13119,12959,0
285,13.40956425666809,-0.515592,-0.511961,0.32625,1.7744,0.347207,-1.8687,0,0,0,0,0,0,12963,12933,12963,13071,12956,13065,13050,13026,12998,13001,12957,12998,13083,12926,13145,12955,0
286,13.455734491348267,-0.514033,-0.512407,0.326545,1.77399,0.347181,-1.8691,0,0,0,0,0,0,12965,12931,12979,13129,12947,13062,13053,13039,13006,13015,12957,13000,13085,12930,13141,12952,0
287,13.5022292137146,-0.512541,-0.512906,0.326711,1.77376,0.347326,-1.8693,0,0,0,0,0,0,12972,12938,12981,13166,12949,13067,13060,13048,13007,13004,12955,12996,13086,12931,13123,12957,0
288,13.549876689910889,-0.511002,-0.513355,0.326752,1.7737,0.347466,-1.8694,0,0,0,0,0,0,12974,12937,12968,13176,12952,13061,13061,13073,12997,13007,12954,13004,13088,12931,13121,12955,0
289,13.596648454666138,-0.509362,-0.513844,0.326894,1.77361,0.347632,-1.8696,0,0,0,0,0,0,12977,12933,12962,13218,12947,13068,13060,13075,13005,13007,12954,12997,13080,12930,13125,12952,0
290,13.643641948699951,-0.50784,-0.5143,0.326987,1.77349,0.347871,-1.8696,0,0,0,0,0,0,12977,12935,12940,13244,12953,13066,13056,13091,13007,13015,12961,13007,13083,12931,13103,12951,0
291,13.692233324050903,-0.506317,-0.51471,0.327171,1.77323,0.347799,-1.8698,0,0,0,0,0,0,12994,12932,12927,13237,12952,13064,13060,13119,13007,13024,12950,12997,13077,12929,13084,12950,0
292,13.737566709518433,-0.504107,-0.515235,0.327646,1.77262,0.347551,-1.8705,0,0,0,0,0,0,12995,12931,12942,13225,12946,13076,13070,13153,13001,13026,12958,12999,13083,12932,13070,12953,0
293,13.785511255264282,-0.50209,-0.515746,0.327923,1.77235,0.347574,-1.8708,0,0,0,0,0,0,13000,12934,12945,13205,12949,13073,13075,13145,13008,13027,12958,12996,13080,12930,13062,12952,0
294,13.830331325531006,-0.499942,-0.516312,0.328267,1.77177,0.347597,-1.8712,0,0,0,0,0,0,13001,12932,12939,13204,12951,13069,13074,13146,13000,13033,12951,12995,13082,12930,13062,12953,0
295,13.87844467163086,-0.497783,-0.516793,0.328484,1.77171,0.347622,-1.8716,0,0,0,0,0,0,13001,12935,12940,13264,12953,13073,13069,13121,13009,13032,12957,12998,13081,12929,13043,12955,0
296,13.925390720367432,-0.495824,-0.517281,0.328578,1.77161,0.347784,-1.871,0,0,0,0,0,0,12999,12934,12942,13285,12955,13071,13051,13124,12997,13042,12952,13004,13082,12931,13062,12954,0
297,13.972341060638428,-0.493039,-0.517982,0.328846,1.77126,0.34791,-1.8722,0,0,0,0,0,0,12991,12931,12949,13300,12954,13074,13061,13131,13005,13040,12959,12996,13081,12931,13067,12955,0
298,14.01931619644165,-0.490448,-0.518619,0.329135,1.77082,0.347986,-1.8725,0,0,0,0,0,0,12986,12936,12950,13287,12954,13059,13052,13137,12996,13033,12960,12995,13080,12931,13062,12958,0
299,14.066262483596802,-0.487806,-0.519149,0.329505,1.77036,0.347919,-1.8729,0,0,0,0,0,0,12985,12933,12968,13251,12953,13071,13052,13139,13005,13024,12960,13007,13078,12930,13062,12963,0
300,14.113265991210938,-0.485581,-0.519594,0.329875,1.76983,0.347719,-1.8734,0,0,0,0,0,0,12990,12931,12995,13207,12955,13068,13062,13162,13002,13011,12957,13007,13081,12932,13068,12975,0
301,14.161215782165527,-0.482819,-0.5201,0.330007,1.76986,0.347922,-1.8736,0,0,0,0,0,0,12997,12934,13005,13263,12952,13087,13070,13150,12999,13011,12958,13001,13081,12931,13077,12980,0
302,14.208159446716309,-0.480314,-0.520693,0.330082,1.76969,0.348396,-1.8737,0,0,0,0,0,0,13004,12936,13029,13259,12956,13084,13062,13153,13004,13005,12963,13006,13081,12929,13086,12984,0
303,14.253961086273193,-0.476813,-0.521428,0.330346,1.76932,0.348394,-1.874,0,0,0,0,0,0,13002,12933,13048,13255,12956,13078,13068,13125,12998,13001,12964,13001,13079,12930,13086,12988,0
304,14.30208444595337,-0.473777,-0.521987,0.330726,1.7688,0.348317,-1.8745,0,0,0,0,0,0,13004,12932,13042,13247,12953,13075,13071,13111,13005,13005,12972,12998,13083,12931,13090,12985,0
305,14.348896980285645,-0.470678,-0.522478,0.330987,1.76849,0.348201,-1.875,0,0,0,0,0,0,12987,12935,13053,13239,12954,13063,13077,13066,13004,13002,12963,13011,13081,12930,13095,12988,0
306,14.39597225189209,-0.467362,-0.523,0.33123,1.76827,0.348409,-1.8751,0,0,0,0,0,0,12983,12933,13050,13166,12955,13075,13070,13019,13001,12999,12972,13012,13081,12930,13075,12987,0
307,14.44273853302002,-0.464564,-0.523471,0.331275,1.76824,0.348643,-1.8753,0,0,0,0,0,0,12987,12933,13010,13079,12953,13064,13067,12999,13001,13000,12969,12999,13081,12936,13062,12985,0
308,14.489933967590332,-0.461766,-0.523856,0.33134,1.76821,0.348668,-1.8757,0,0,0,0,0,0,12982,12933,13009,13054,12959,13066,13067,12991,13007,13000,12960,12999,13077,12929,13036,12976,0
309,14.53581166267395,-0.45767,-0.52436,0.331772,1.7676,0.348479,-1.8761,0,0,0,0,0,0,12978,12937,12993,13009,12952,13056,13057,12987,13008,12997,12964,12998,13081,12931,13026,12971,0
310,14.582847833633423,-0.454025,-0.524838,0.332138,1.76707,0.348557,-1.8763,0,0,0,0,0,0,12975,12935,12989,12987,12952,13046,13053,13000,13008,12999,12959,12999,13081,12929,13024,12970,0
311,14.629865407943726,-0.450347,-0.525327,0.332259,1.76688,0.348703,-1.8765,0,0,0,0,0,0,12970,12921,12990,12987,12949,13049,13042,12991,12998,13002,12965,13005,13082,12928,13024,12971,0
312,14.677749395370483,-0.446668,-0.5257,0.33249,1.76655,0.348482,-1.877,0,0,0,0,0,0,12975,12933,12989,12987,12951,13050,13052,12995,13003,12999,12958,12999,13083,12928,13024,12970,0
313,14.724733352661133,-0.443479,-0.525908,0.332594,1.76652,0.348585,-1.8772,0,0,0,0,0,0,12971,12934,12986,12987,12953,13045,13047,12996,13002,12999,12965,13011,13083,12929,13021,12969,0
314,14.770695924758911,-0.438856,-0.526297,0.332784,1.76617,0.348702,-1.8773,0,0,0,0,0,0,12968,12932,12981,12986,12946,13049,13037,12984,13006,12999,12957,13004,13074,12929,13021,12968,0
315,14.817665100097656,-0.434208,-0.526659,0.332965,1.76599,0.348556,-1.8777,0,0,0,0,0,0,12971,12937,12990,12987,12952,13051,13053,12990,13008,12997,12964,13005,13081,12929,13020,12970,0
316,14.875731468200684,-0.431519,-0.526859,0.333121,1.76569,0.348613,-1.8777,0,0,0,0,0,0,12971,12930,12989,12985,12949,13046,13051,12978,13006,12997,12964,12999,13080,12929,13023,12968,0
317,14.911548137664795,-0.426813,-0.527151,0.333455,1.76511,0.348523,-1.8778,0,0,0,0,0,0,12970,12932,12980,12986,12950,13049,13035,12975,13005,12998,12959,12998,13083,12929,13022,12970,0
318,14.970645427703857,-0.423483,-0.527334,0.333494,1.76503,0.348531,-1.8779,0,0,0,0,0,0,12969,12931,12979,12987,12951,13039,13054,12976,13006,12997,12958,12997,13081,12926,13020,12970,0
319,15.005723476409912,-0.420279,-0.52743,0.333491,1.76506,0.348477,-1.878,0,0,0,0,0,0,12971,12931,12986,12988,12952,13047,13054,12997,13005,12996,12957,12995,13081,12927,13023,12970,0
320,15.052226305007935,-0.415043,-0.527429,0.333571,1.7649,0.348561,-1.8781,0,0,0,0,0,0,12968,12920,12985,12988,12944,13037,13050,12995,12996,12996,12957,12997,13082,12927,13021,12969,0
321,15.109403133392334,-0.411788,-0.527487,0.333691,1.76473,0.348505,-1.8781,0,0,0,0,0,0,12975,12937,12992,12988,12945,13050,13050,12990,13005,12997,12957,12999,13082,12930,13021,12969,0
322,15.146360158920288,-0.408652,-0.527447,0.333716,1.76481,0.34822,-1.8783,0,0,0,0,0,0,12964,12937,12991,12988,12951,13048,13053,12986,13000,12997,12964,13008,13083,12929,13010,12969,0
323,15.193321704864502,-0.404756,-0.527424,0.333635,1.76494,0.348335,-1.8782,0,0,0,0,0,0,12974,12923,12992,12987,12951,13044,13050,12987,13006,12997,12961,12997,13076,12928,13020,12969,0
324,15.240291833877563,-0.400884,-0.52732,0.333785,1.76462,0.348289,-1.8781,0,0,0,0,0,0,12961,12926,12991,12987,12948,13044,13049,12979,13000,12997,12959,12999,13084,12928,13021,12970,0
325,15.288234949111938,-0.397714,-0.527168,0.333758,1.76462,0.348121,-1.8781,0,0,0,0,0,0,12966,12932,12992,12991,12953,13048,13054,12996,12995,12998,12965,13006,13081,12929,13023,12971,0
326,15.33419418334961,-0.393379,-0.526901,0.333604,1.7649,0.347964,-1.878,0,0,0,0,0,0,12976,12930,12982,12991,12951,13048,13040,12987,12997,13001,12958,13005,13083,12929,13022,12970,0
327,15.38193416595459,-0.389596,-0.526701,0.333534,1.76495,0.348164,-1.8779,0,0,0,0,0,0,12971,12933,12987,12991,12952,13049,13044,12996,13006,13004,12957,12999,13082,12927,13024,12970,0
328,15.430109739303589,-0.385807,-0.526515,0.333572,1.76483,0.347856,-1.877,0,0,0,0,0,0,12971,12937,12988,12989,12954,13051,13051,12994,13008,12998,12945,13012,13083,12930,13026,12970,0
329,15.477120399475098,-0.382182,-0.526182,0.333382,1.76516,0.347788,-1.877,0,0,0,0,0,0,12973,12940,12991,12990,12957,13052,13053,12981,13004,12999,12945,13008,13084,12928,13022,12969,0
330,15.52305269241333,-0.379137,-0.525857,0.333234,1.76538,0.347696,-1.8776,0,0,0,0,0,0,12965,12939,12987,12991,12952,13038,13048,12986,13001,13000,12965,12997,13083,12931,13023,12970,0
331,15.569844245910645,-0.374173,-0.525363,0.33305,1.76546,0.347907,-1.8772,0,0,0,0,0,0,12973,12938,12990,12991,12960,13047,13055,12989,13009,13000,12961,12996,13082,12930,13025,12970,0
332,15.627574682235718,-0.371831,-0.524993,0.332894,1.76568,0.347638,-1.8771,0,0,0,0,0,0,12972,12933,12998,12991,12955,13047,13055,12976,13003,12998,12961,13000,13084,12931,13024,12971,0
333,15.664961576461792,-0.368434,-0.524534,0.33268,1.76609,0.347673,-1.877,0,0,0,0,0,0,12973,12936,12996,12992,12954,13045,13056,12999,13009,13006,12948,13001,13084,12930,13022,12972,0
334,15.709453582763672,-0.365078,-0.524096,0.332666,1.766,0.347364,-1.8767,0,0,0,0,0,0,12972,12937,12989,12994,12949,13050,13049,12989,13000,13002,12959,12997,13084,12932,13023,12972,0
335,15.757900953292847,-0.361793,-0.523574,0.332502,1.76627,0.347173,-1.8764,0,0,0,0,0,0,12971,12933,12989,12991,12954,13051,13047,12989,13009,13000,12966,12997,13086,12930,13024,12971,0
336,15.804861068725586,-0.359163,-0.523159,0.33235,1.7664,0.346945,-1.8762,0,0,0,0,0,0,12973,12926,12996,12992,12955,13053,13045,12986,13009,13000,12967,13002,13084,12932,13025,12971,0
337,15.851784706115723,-0.355638,-0.52253,0.33191,1.76708,0.347287,-1.8759,0,0,0,0,0,0,12973,12933,12992,12992,12956,13042,13054,12983,13009,12990,12967,12998,13084,12931,13024,12972,0
338,15.898760318756104,-0.352159,-0.521925,0.331599,1.76724,0.347332,-1.8754,0,0,0,0,0,0,12976,12934,12997,12992,12957,13050,13060,12980,13004,12999,12966,13010,13085,12933,13025,12970,0
339,15.959403038024902,-0.350243,-0.521613,0.331523,1.76734,0.347218,-1.8752,0,0,0,0,0,0,12973,12934,12999,12992,12952,13050,13052,12976,13002,12999,12968,12999,13090,12932,13025,12973,0
340,15.993687391281128,-0.347533,-0.521045,0.331237,1.76785,0.347188,-1.875,0,0,0,0,0,0,12975,12935,12989,12993,12955,13045,13034,12978,13010,13010,12961,13007,13084,12932,13025,12970,0
341,16.040637016296387,-0.344912,-0.520542,0.330923,1.76832,0.347305,-1.874,0,0,0,0,0,0,12974,12938,12998,12993,12952,13050,13059,12976,13010,13000,12958,13002,13086,12931,13023,12973,0
342,16.08761191368103,-0.342786,-0.520085,0.330714,1.76853,0.347149,-1.8743,0,0,0,0,0,0,12974,12936,12989,12993,12960,13053,13057,12998,13009,13006,12968,12999,13085,12932,13026,12973,0
343,16.13356375694275,-0.339827,-0.519469,0.330487,1.76875,0.347094,-1.8738,0,0,0,0,0,0,12975,12924,12991,12989,12950,13030,13051,12999,12999,13007,12958,13000,13086,12932,13025,12973,0
344,16.1805362701416,-0.337541,-0.518797,0.330246,1.76918,0.346833,-1.8737,0,0,0,0,0,0,12974,12936,12998,12993,12950,13050,13046,12986,13011,13001,12959,13011,13086,12933,13027,12973,0
345,16.22848677635193,-0.335262,-0.518266,0.329888,1.76961,0.346947,-1.8733,0,0,0,0,0,0,12977,12938,12999,12994,12954,13040,13055,12983,13010,13002,12967,13013,13086,12933,13024,12970,0
346,16.275405645370483,-0.333061,-0.517775,0.329543,1.77002,0.34712,-1.8729,0,0,0,0,0,0,12971,12934,13000,12996,12953,13050,13058,12979,13010,13001,12969,13000,13086,12939,13025,12972,0
347,16.32233428955078,-0.331294,-0.51739,0.329435,1.77008,0.347069,-1.8726,0,0,0,0,0,0,12975,12933,12999,12993,12956,13052,13047,12979,13010,12999,12956,13000,13085,12933,13026,12972,0
348,16.367370128631592,-0.32961,-0.516942,0.329162,1.77049,0.347196,-1.8723,0,0,0,0,0,0,12975,12939,12999,12995,12950,13047,13056,12979,13010,13000,12961,13008,13088,12932,13024,12973,0
349,16.41528820991516,-0.327454,-0.516267,0.329018,1.77067,0.346548,-1.872,0,0,0,0,0,0,12971,12937,12990,12994,12952,13050,13055,12993,13001,13000,12963,12999,13084,12932,13023,12972,0
350,16.46328353881836,-0.325632,-0.515742,0.328747,1.77112,0.346673,-1.8717,0,0,0,0,0,0,12975,12934,12990,12995,12957,13052,13048,12991,13010,13007,12968,12999,13084,12932,13025,12971,0
351,16.50923752784729,-0.323894,-0.51524,0.328345,1.77167,0.346825,-1.871,0,0,0,0,0,0,12976,12939,12990,12993,12954,13032,13055,13000,13000,13002,12958,13000,13084,12933,13025,12972,0
352,16.556896448135376,-0.32222,-0.514804,0.328038,1.77197,0.347042,-1.871,0,0,0,0,0,0,12975,12925,12999,12994,12955,13056,13053,12981,13010,13001,12960,13009,13086,12932,13025,12972,0
353,16.60412883758545,-0.320899,-0.514423,0.327817,1.77224,0.347,-1.8707,0,0,0,0,0,0,12983,12940,12999,12996,12953,13029,13055,12980,13004,13000,12968,13000,13087,12937,13026,12972,0
354,16.649848461151123,-0.318874,-0.513845,0.327501,1.7726,0.347108,-1.8703,0,0,0,0,0,0,12972,12936,13000,12998,12962,13048,13055,12992,13010,13002,12970,13000,13084,12932,13026,12971,0
355,16.709537506103516,-0.317982,-0.51355,0.327414,1.77276,0.346749,-1.8701,0,0,0,0,0,0,12981,12936,13000,12994,12955,13044,13056,12975,13004,13000,12961,13000,13085,12932,13025,12971,0
356,16.74492120742798,-0.316645,-0.513121,0.327162,1.77308,0.346819,-1.8699,0,0,0,0,0,0,12973,12939,12999,12993,12949,13048,13054,12981,13011,13000,12967,13000,13085,12932,13025,12974,0
357,16.791709423065186,-0.315421,-0.512693,0.326937,1.77339,0.346819,-1.8697,0,0,0,0,0,0,12972,12934,12991,12996,12950,13052,13047,12989,13002,13000,12962,12999,13085,12934,13025,12973,0
358,16.838525772094727,-0.314272,-0.512309,0.326821,1.77365,0.346688,-1.8695,0,0,0,0,0,0,12975,12934,12992,12994,12951,13051,13056,12991,13000,13001,12968,12999,13087,12933,13027,12974,0
359,16.88545513153076,-0.313369,-0.512,0.326615,1.77393,0.346807,-1.8693,0,0,0,0,0,0,12974,12941,12990,12995,12958,13053,13053,13000,13011,13002,12968,13009,13083,12932,13026,12974,0
360,16.931864500045776,-0.312135,-0.511693,0.326408,1.77412,0.346903,-1.869,0,0,0,0,0,0,12972,12938,12998,12995,12955,13055,13052,12981,13010,12999,12968,13001,13082,12931,13025,12971,0
361,16.97885751724243,-0.311178,-0.511393,0.326267,1.77422,0.34671,-1.8687,0,0,0,0,0,0,12974,12937,13001,12996,12958,13055,13056,13000,13004,13000,12968,13008,13085,12934,13025,12972,0
362,17.026630640029907,-0.310165,-0.511057,0.32606,1.77447,0.346819,-1.8685,0,0,0,0,0,0,12973,12939,12992,12999,12957,13049,13050,12991,13010,13002,12962,13000,13098,12929,13027,12971,0
363,17.09047818183899,-0.3089,-0.510595,0.325774,1.7748,0.347029,-1.8682,0,0,0,0,0,0,12972,12936,12993,12996,12956,13052,13053,12988,13004,13002,12962,13000,13085,12932,13027,12973,0
364,17.165663957595825,-0.308325,-0.510438,0.325737,1.77478,0.346838,-1.8679,0,0,0,0,0,0,12963,12934,12991,12995,12949,13055,13051,12997,13011,13004,12961,13001,13086,12932,13025,12973,0
365,17.21042037010193,-0.307692,-0.51019,0.325618,1.77499,0.346803,-1.8679,0,0,0,0,0,0,12976,12940,12992,12996,12957,13042,13046,12979,13011,13002,12958,12999,13081,12933,13026,12972,0
366,17.25753879547119,-0.307124,-0.509966,0.325478,1.77521,0.346759,-1.8677,0,0,0,0,0,0,12978,12935,13000,12994,12960,13050,13056,12979,13001,12999,12959,13000,13084,12934,13026,12974,0
367,17.316601514816284,-0.306892,-0.509847,0.325516,1.77517,0.346531,-1.867,0,0,0,0,0,0,12973,12937,13001,12995,12959,13049,13053,12976,13011,12999,12967,13000,13087,12933,13025,12971,0
368,17.35053849220276,-0.306437,-0.509746,0.325449,1.77516,0.346657,-1.8676,0,0,0,0,0,0,12973,12935,12999,12995,12954,13053,13036,12979,13012,13001,12960,13008,13085,12932,13027,12972,0
369,17.409106254577637,-0.306219,-0.509636,0.325363,1.7753,0.346576,-1.8675,0,0,0,0,0,0,12974,12933,13000,12994,12948,13049,13055,12990,13010,13001,12967,12999,13086,12934,13025,12972,0
370,17.445482969284058,-0.305959,-0.509567,0.325274,1.77544,0.346871,-1.8675,0,0,0,0,0,0,12964,12939,12990,12994,12960,13056,13061,13000,13010,13008,12969,12999,13083,12925,13027,12971,0
371,17.50337815284729,-0.305803,-0.509573,0.325257,1.7754,0.347144,-1.8675,0,0,0,0,0,0,12973,12936,12990,12996,12957,13043,13054,12996,13003,13003,12968,12998,13086,12932,13025,12973,0
372,17.538408041000366,-0.305793,-0.509547,0.3253,1.77537,0.346902,-1.8676,0,0,0,0,0,0,12975,12936,13000,12994,12958,13054,13054,12993,13005,13008,12968,13011,13086,12931,13026,12973,0
373,17.586295127868652,-0.30583,-0.509527,0.325286,1.77545,0.346833,-1.8677,0,0,0,0,0,0,12979,12941,12991,12995,12960,13056,13054,12980,13005,13002,12961,13001,13083,12933,13026,12972,0
374,17.633323669433594,-0.305822,-0.50949,0.325166,1.77558,0.34696,-1.8677,0,0,0,0,0,0,12972,12938,12994,12994,12961,13051,13057,12992,13003,13003,12969,13008,13087,12933,13026,12970,0
375,17.680286169052124,-0.30582,-0.509453,0.325059,1.77556,0.346911,-1.8677,0,0,0,0,0,0,12972,12936,13000,12996,12957,13048,13050,12976,13007,13001,12962,13000,13086,12932,13025,12973,0
376,17.724510669708252,-0.305817,-0.509472,0.324896,1.77548,0.346801,-1.8677,0,0,0,0,0,0,12974,12937,13002,12994,12951,13045,13057,12982,13002,13007,12962,12998,13085,12933,13026,12975,0
377,17.773237943649292,-0.305786,-0.509506,0.324476,1.77563,0.347143,-1.8677,0,0,0,0,0,0,12967,12943,13001,12996,12955,13051,13057,12995,13011,12991,12960,13000,13085,12932,13025,12972,0
378,17.821136713027954,-0.305777,-0.50961,0.324119,1.77548,0.346808,-1.8676,0,0,0,0,0,0,12978,12942,12992,12998,12950,13046,13047,12997,13002,13001,12967,13008,13084,12934,13024,12973,0
379,17.869752645492554,-0.305812,-0.509668,0.323615,1.77555,0.346895,-1.8677,0,0,0,0,0,0,12976,12936,12990,12996,12949,13045,13056,13000,13006,13010,12963,13013,13077,12936,13027,12974,0
380,17.91439914703369,-0.305803,-0.509786,0.323036,1.77555,0.346834,-1.8676,0,0,0,0,0,0,12983,12942,12994,12998,12960,13053,13052,13000,13012,13003,12968,12999,13027,12933,13026,12975,0
381,17.96175765991211,-0.305828,-0.509866,0.322584,1.7755,0.346744,-1.8676,0,0,0,0,0,0,12975,12941,13003,12997,12955,13057,13046,12977,13013,13003,12965,13011,13016,12933,13027,12977,0
382,18.008920669555664,-0.305831,-0.509948,0.321974,1.77553,0.346766,-1.8676,0,0,0,0,0,0,12973,12935,13005,12999,12960,13055,13058,12983,13007,13002,12964,13010,13019,12934,13028,12978,0
383,18.055856943130493,-0.305816,-0.510117,0.321083,1.77551,0.346876,-1.8676,0,0,0,0,0,0,12979,12928,13007,12996,12962,13047,13047,12991,13004,13004,12961,13000,13016,12933,13027,12978,0
384,18.10290551185608,-0.30583,-0.510282,0.320228,1.77548,0.346764,-1.8676,0,0,0,0,0,0,12974,12932,13005,12996,12957,13045,13055,12982,13013,13001,12961,13001,13012,12933,13028,12981,0
385,18.148861169815063,-0.305809,-0.510439,0.319275,1.7755,0.346906,-1.8676,0,0,0,0,0,0,12978,12935,13006,12998,12953,13051,13058,13002,13001,13003,12959,13008,13010,12936,13029,12979,0
386,18.196383476257324,-0.305834,-0.510584,0.318252,1.77553,0.346865,-1.8676,0,0,0,0,0,0,12973,12935,12996,13000,12953,13052,13049,12991,13009,13005,12966,13000,13009,12933,13027,12980,0
387,18.24377465248108,-0.305843,-0.510771,0.317436,1.77539,0.346601,-1.8675,0,0,0,0,0,0,12975,12931,12995,12998,12959,13052,13049,12998,13004,13004,12965,12998,13011,12933,13029,12978,0
388,18.29043960571289,-0.30582,-0.510914,0.316489,1.77531,0.346716,-1.8675,0,0,0,0,0,0,12973,12936,12995,12996,12958,13053,13053,12996,13012,13000,12957,13000,13010,12933,13028,12979,0
389,18.337672233581543,-0.30587,-0.511076,0.314936,1.77552,0.346811,-1.8676,0,0,0,0,0,0,12977,12934,12997,12998,12951,13054,13052,12980,13005,13003,12954,13008,13009,12932,13028,12978,0
390,18.384682416915894,-0.305861,-0.511312,0.31361,1.77556,0.346869,-1.8675,0,0,0,0,0,0,12975,12935,13005,12996,12958,13039,13058,12980,13007,13002,12964,13013,13011,12933,13029,12980,0
391,18.43118667602539,-0.305893,-0.511489,0.312224,1.77551,0.346703,-1.8675,0,0,0,0,0,0,12975,12930,13005,12996,12956,13053,13055,12977,13011,13002,12946,13001,13012,12933,13028,12979,0
392,18.478611946105957,-0.305887,-0.511702,0.310816,1.77535,0.346534,-1.8675,0,0,0,0,0,0,12972,12926,13005,12997,12958,13050,13036,12986,13012,13002,12953,13007,13011,12933,13028,12979,0
393,18.526379346847534,-0.305882,-0.511864,0.30944,1.77543,0.346629,-1.8674,0,0,0,0,0,0,12975,12932,12996,12997,12956,13053,13060,12991,13013,13003,12957,12999,13013,12933,13029,12981,0
394,18.57339310646057,-0.305946,-0.512077,0.307475,1.77563,0.346784,-1.8676,0,0,0,0,0,0,12962,12933,12997,12997,12958,13051,13058,12993,13013,13009,12957,12999,13012,12933,13030,12979,0
395,18.62034559249878,-0.305913,-0.512257,0.305638,1.77572,0.347024,-1.867,0,0,0,0,0,0,12975,12930,12995,12999,12959,13043,13054,12992,13008,13003,12965,12999,13011,12933,13029,12979,0
396,18.66827964782715,-0.305917,-0.512418,0.304235,1.7756,0.34685,-1.8675,0,0,0,0,0,0,12976,12929,13004,12997,12964,13051,13055,12977,13013,13002,12956,13000,13010,12932,13028,12980,0
397,18.713310480117798,-0.305964,-0.512612,0.302434,1.77554,0.346676,-1.8676,0,0,0,0,0,0,12972,12934,12995,12996,12957,13041,13052,12982,13006,12998,12964,12998,13010,12934,13029,12979,0
398,18.760637998580933,-0.305966,-0.51277,0.300467,1.77559,0.346679,-1.867,0,0,0,0,0,0,12973,12930,12997,12997,12956,13052,13058,12983,13013,13009,12964,13000,13011,12935,13029,12979,0
399,18.80834436416626,-0.305955,-0.513038,0.298209,1.77543,0.346627,-1.8675,0,0,0,0,0,0,12976,12930,13005,12997,12957,13045,13035,12976,13011,13002,12956,13007,13010,12933,13028,12978,0
400,18.86144733428955,-0.305982,-0.513197,0.296519,1.77538,0.346365,-1.8675,0,0,0,0,0,0,12973,12933,13005,12997,12953,13048,13057,12988,13012,12991,12964,13009,13011,12932,13028,12980,0
401,18.900287866592407,-0.305989,-0.513393,0.294221,1.77556,0.346572,-1.867,0,0,0,0,0,0,12975,12920,12987,12999,12949,13051,13047,12991,13003,13004,12958,13009,13010,12931,13028,12980,0
402,18.94921636581421,-0.305981,-0.513596,0.291904,1.77559,0.34687,-1.8675,0,0,0,0,0,0,12974,12929,12996,12996,12953,13048,13055,12993,13011,13003,12956,13011,13010,12932,13029,12980,0
403,18.995208978652954,-0.305983,-0.513753,0.289612,1.77558,0.34665,-1.8674,0,0,0,0,0,0,12968,12936,12995,12997,12957,13055,13050,12998,13012,13008,12964,13009,13010,12932,13028,12979,0
404,19.043104887008667,-0.305999,-0.51381,0.287582,1.77564,0.346645,-1.8674,0,0,0,0,0,0,12973,12930,13005,12997,12960,13056,13047,12980,13011,13003,12942,13008,13009,12933,13028,12978,0
405,19.089112997055054,-0.30603,-0.51388,0.2855,1.77571,0.346711,-1.8675,0,0,0,0,0,0,12974,12933,12997,12998,12958,13055,13056,12994,13007,13001,12963,13015,13009,12934,13027,12978,0
406,19.136062145233154,-0.306016,-0.513994,0.282578,1.77569,0.346759,-1.8675,0,0,0,0,0,0,12972,12934,12996,12997,12957,13051,13053,12977,13007,13002,12964,13001,13011,12932,13029,12979,0
407,19.184033632278442,-0.306001,-0.5142,0.279133,1.77556,0.346687,-1.8674,0,0,0,0,0,0,12978,12926,13005,12996,12958,13043,13053,12977,13007,13003,12956,13000,13011,12931,13028,12979,0
408,19.24116086959839,-0.306052,-0.514229,0.277317,1.77563,0.346637,-1.8676,0,0,0,0,0,0,12974,12933,13003,12996,12955,13053,13057,12999,13012,13003,12953,13009,13010,12933,13029,12980,0
409,19.277930974960327,-0.306033,-0.51433,0.274483,1.77571,0.34667,-1.8674,0,0,0,0,0,0,12962,12931,12995,12997,12955,13054,13044,12991,13005,13006,12951,13000,13011,12932,13028,12980,0
410,19.324878215789795,-0.306055,-0.514327,0.271984,1.77598,0.346943,-1.8675,0,0,0,0,0,0,12974,12928,12997,12997,12957,13044,13057,12999,13011,13003,12964,13000,13008,12932,13029,12979,0
411,19.37084460258484,-0.306037,-0.514372,0.268655,1.77585,0.347023,-1.8675,0,0,0,0,0,0,12965,12928,12994,12997,12956,13052,13049,12981,13011,13001,12955,13013,13011,12931,13027,12982,0
412,19.418856620788574,-0.30601,-0.51433,0.265654,1.77589,0.347292,-1.8675,0,0,0,0,0,0,12976,12925,12992,12996,12951,13041,13055,12980,13004,13001,12953,12999,13009,12931,13027,12979,0
413,19.478493213653564,-0.306016,-0.514305,0.263417,1.77571,0.347114,-1.8676,0,0,0,0,0,0,12973,12930,13000,12994,12957,13028,13055,12982,13004,13000,12958,13010,13008,12933,13026,12979,0
414,19.512707948684692,-0.306015,-0.514239,0.260696,1.77563,0.34674,-1.8675,0,0,0,0,0,0,12974,12933,13002,12998,12955,13043,13056,13000,13012,13000,12957,12999,13010,12931,13027,12979,0
415,19.559683561325073,-0.306011,-0.514174,0.257996,1.77553,0.346841,-1.8675,0,0,0,0,0,0,12976,12934,13002,12996,12955,13050,13034,12985,12991,13001,12956,13006,13010,12933,13027,12984,0
416,19.606656074523926,-0.305992,-0.514146,0.255775,1.77555,0.34699,-1.8675,0,0,0,0,0,0,12973,12930,13002,12997,12951,13051,13049,12994,13011,13000,12963,13000,13010,12930,13027,12979,0
417,19.653608083724976,-0.305964,-0.51403,0.252759,1.77557,0.346999,-1.8674,0,0,0,0,0,0,12975,12934,12994,12997,12956,13051,13057,12998,13011,13010,12956,12998,13008,12934,13028,12979,0
418,19.700538635253906,-0.305991,-0.513861,0.250155,1.77583,0.34733,-1.8676,0,0,0,0,0,0,12975,12932,12994,12997,12951,13032,13051,12990,13001,13001,12954,13000,13008,12931,13026,12978,0
419,19.75052571296692,-0.305974,-0.513728,0.247913,1.77561,0.346936,-1.8675,0,0,0,0,0,0,12972,12923,13000,12997,12957,13044,13053,12974,13012,13002,12955,13009,13007,12931,13027,12979,0
420,19.79525661468506,-0.305997,-0.513592,0.246046,1.77559,0.346783,-1.8675,0,0,0,0,0,0,12971,12926,12993,12997,12954,13054,13055,12987,13004,13000,12955,12998,13011,12932,13026,12979,0
421,19.841406106948853,-0.305964,-0.51343,0.243837,1.77556,0.34695,-1.8675,0,0,0,0,0,0,12972,12931,13000,12996,12960,13046,13052,12988,13010,13004,12963,12998,13007,12932,13024,12978,0
